/* Environnement de formation */

/* Création des utilisateurs */
/* Admin */
INSERT INTO utilisateur (ID_COLL,  FG_BLOCAGE, USERNAME, PASSWORD, LB_PASS_TEMP, FG_TYPEUTIL, IS_ACTIVE, roles,  change_request, email, created_at, CD_UTILCREA) VALUES (NULL, 0, 'admin', '$2y$13$Xoh5X/yLzII3n9SF.tD80uLiMp.ECAlr3d0/TOnKJBH.boImN07Ke', NULL, NULL, 1, 'a:1:{i:0;s:10:"ROLE_ADMIN";}', NULL, NULL, now(), 'admin');

/* CDG */
INSERT INTO utilisateur (ID_COLL,  FG_BLOCAGE, USERNAME, PASSWORD, LB_PASS_TEMP, FG_TYPEUTIL, IS_ACTIVE, roles,  change_request, email, created_at, CD_UTILCREA) VALUES (NULL, 0, 'cdg01-formation', '$2y$10$O9Gw9qA9rEP/CVp5JJaH4OCm8xvrcRZ3H/zNp4AHy3jg.h..a5P/e', NULL, NULL, 1, 'a:1:{i:0;s:8:"ROLE_CDG";}', NULL, NULL, now(), 'admin');
INSERT INTO utilisateur (ID_COLL,  FG_BLOCAGE, USERNAME, PASSWORD, LB_PASS_TEMP, FG_TYPEUTIL, IS_ACTIVE, roles,  change_request, email, created_at, CD_UTILCREA) VALUES (NULL, 0, 'cdg02-formation', '$2y$10$O9Gw9qA9rEP/CVp5JJaH4OCm8xvrcRZ3H/zNp4AHy3jg.h..a5P/e', NULL, NULL, 1, 'a:1:{i:0;s:8:"ROLE_CDG";}', NULL, NULL, now(), 'admin');
INSERT INTO utilisateur (ID_COLL,  FG_BLOCAGE, USERNAME, PASSWORD, LB_PASS_TEMP, FG_TYPEUTIL, IS_ACTIVE, roles,  change_request, email, created_at, CD_UTILCREA) VALUES (NULL, 0, 'cdg03-formation', '$2y$10$O9Gw9qA9rEP/CVp5JJaH4OCm8xvrcRZ3H/zNp4AHy3jg.h..a5P/e', NULL, NULL, 1, 'a:1:{i:0;s:8:"ROLE_CDG";}', NULL, NULL, now(), 'admin');
INSERT INTO utilisateur (ID_COLL,  FG_BLOCAGE, USERNAME, PASSWORD, LB_PASS_TEMP, FG_TYPEUTIL, IS_ACTIVE, roles,  change_request, email, created_at, CD_UTILCREA) VALUES (NULL, 0, 'cdg04-formation', '$2y$10$O9Gw9qA9rEP/CVp5JJaH4OCm8xvrcRZ3H/zNp4AHy3jg.h..a5P/e', NULL, NULL, 1, 'a:1:{i:0;s:8:"ROLE_CDG";}', NULL, NULL, now(), 'admin');
INSERT INTO utilisateur (ID_COLL,  FG_BLOCAGE, USERNAME, PASSWORD, LB_PASS_TEMP, FG_TYPEUTIL, IS_ACTIVE, roles,  change_request, email, created_at, CD_UTILCREA) VALUES (NULL, 0, 'cdg05-formation', '$2y$10$O9Gw9qA9rEP/CVp5JJaH4OCm8xvrcRZ3H/zNp4AHy3jg.h..a5P/e', NULL, NULL, 1, 'a:1:{i:0;s:8:"ROLE_CDG";}', NULL, NULL, now(), 'admin');
INSERT INTO utilisateur (ID_COLL,  FG_BLOCAGE, USERNAME, PASSWORD, LB_PASS_TEMP, FG_TYPEUTIL, IS_ACTIVE, roles,  change_request, email, created_at, CD_UTILCREA) VALUES (NULL, 0, 'cdg06-formation', '$2y$10$O9Gw9qA9rEP/CVp5JJaH4OCm8xvrcRZ3H/zNp4AHy3jg.h..a5P/e', NULL, NULL, 1, 'a:1:{i:0;s:8:"ROLE_CDG";}', NULL, NULL, now(), 'admin');
INSERT INTO utilisateur (ID_COLL,  FG_BLOCAGE, USERNAME, PASSWORD, LB_PASS_TEMP, FG_TYPEUTIL, IS_ACTIVE, roles,  change_request, email, created_at, CD_UTILCREA) VALUES (NULL, 0, 'cdg07-formation', '$2y$10$O9Gw9qA9rEP/CVp5JJaH4OCm8xvrcRZ3H/zNp4AHy3jg.h..a5P/e', NULL, NULL, 1, 'a:1:{i:0;s:8:"ROLE_CDG";}', NULL, NULL, now(), 'admin');
INSERT INTO utilisateur (ID_COLL,  FG_BLOCAGE, USERNAME, PASSWORD, LB_PASS_TEMP, FG_TYPEUTIL, IS_ACTIVE, roles,  change_request, email, created_at, CD_UTILCREA) VALUES (NULL, 0, 'cdg08-formation', '$2y$10$O9Gw9qA9rEP/CVp5JJaH4OCm8xvrcRZ3H/zNp4AHy3jg.h..a5P/e', NULL, NULL, 1, 'a:1:{i:0;s:8:"ROLE_CDG";}', NULL, NULL, now(), 'admin');
INSERT INTO utilisateur (ID_COLL,  FG_BLOCAGE, USERNAME, PASSWORD, LB_PASS_TEMP, FG_TYPEUTIL, IS_ACTIVE, roles,  change_request, email, created_at, CD_UTILCREA) VALUES (NULL, 0, 'cdg09-formation', '$2y$10$O9Gw9qA9rEP/CVp5JJaH4OCm8xvrcRZ3H/zNp4AHy3jg.h..a5P/e', NULL, NULL, 1, 'a:1:{i:0;s:8:"ROLE_CDG";}', NULL, NULL, now(), 'admin');
INSERT INTO utilisateur (ID_COLL,  FG_BLOCAGE, USERNAME, PASSWORD, LB_PASS_TEMP, FG_TYPEUTIL, IS_ACTIVE, roles,  change_request, email, created_at, CD_UTILCREA) VALUES (NULL, 0, 'cdg10-formation', '$2y$10$O9Gw9qA9rEP/CVp5JJaH4OCm8xvrcRZ3H/zNp4AHy3jg.h..a5P/e', NULL, NULL, 1, 'a:1:{i:0;s:8:"ROLE_CDG";}', NULL, NULL, now(), 'admin');
INSERT INTO utilisateur (ID_COLL,  FG_BLOCAGE, USERNAME, PASSWORD, LB_PASS_TEMP, FG_TYPEUTIL, IS_ACTIVE, roles,  change_request, email, created_at, CD_UTILCREA) VALUES (NULL, 0, 'cdg11-formation', '$2y$10$O9Gw9qA9rEP/CVp5JJaH4OCm8xvrcRZ3H/zNp4AHy3jg.h..a5P/e', NULL, NULL, 1, 'a:1:{i:0;s:8:"ROLE_CDG";}', NULL, NULL, now(), 'admin');
INSERT INTO utilisateur (ID_COLL,  FG_BLOCAGE, USERNAME, PASSWORD, LB_PASS_TEMP, FG_TYPEUTIL, IS_ACTIVE, roles,  change_request, email, created_at, CD_UTILCREA) VALUES (NULL, 0, 'cdg12-formation', '$2y$10$O9Gw9qA9rEP/CVp5JJaH4OCm8xvrcRZ3H/zNp4AHy3jg.h..a5P/e', NULL, NULL, 1, 'a:1:{i:0;s:8:"ROLE_CDG";}', NULL, NULL, now(), 'admin');
INSERT INTO utilisateur (ID_COLL,  FG_BLOCAGE, USERNAME, PASSWORD, LB_PASS_TEMP, FG_TYPEUTIL, IS_ACTIVE, roles,  change_request, email, created_at, CD_UTILCREA) VALUES (NULL, 0, 'cdg13-formation', '$2y$10$O9Gw9qA9rEP/CVp5JJaH4OCm8xvrcRZ3H/zNp4AHy3jg.h..a5P/e', NULL, NULL, 1, 'a:1:{i:0;s:8:"ROLE_CDG";}', NULL, NULL, now(), 'admin');
INSERT INTO utilisateur (ID_COLL,  FG_BLOCAGE, USERNAME, PASSWORD, LB_PASS_TEMP, FG_TYPEUTIL, IS_ACTIVE, roles,  change_request, email, created_at, CD_UTILCREA) VALUES (NULL, 0, 'cdg14-formation', '$2y$10$O9Gw9qA9rEP/CVp5JJaH4OCm8xvrcRZ3H/zNp4AHy3jg.h..a5P/e', NULL, NULL, 1, 'a:1:{i:0;s:8:"ROLE_CDG";}', NULL, NULL, now(), 'admin');
INSERT INTO utilisateur (ID_COLL,  FG_BLOCAGE, USERNAME, PASSWORD, LB_PASS_TEMP, FG_TYPEUTIL, IS_ACTIVE, roles,  change_request, email, created_at, CD_UTILCREA) VALUES (NULL, 0, 'cdg15-formation', '$2y$10$O9Gw9qA9rEP/CVp5JJaH4OCm8xvrcRZ3H/zNp4AHy3jg.h..a5P/e', NULL, NULL, 1, 'a:1:{i:0;s:8:"ROLE_CDG";}', NULL, NULL, now(), 'admin');
INSERT INTO utilisateur (ID_COLL,  FG_BLOCAGE, USERNAME, PASSWORD, LB_PASS_TEMP, FG_TYPEUTIL, IS_ACTIVE, roles,  change_request, email, created_at, CD_UTILCREA) VALUES (NULL, 0, 'cdg16-formation', '$2y$10$O9Gw9qA9rEP/CVp5JJaH4OCm8xvrcRZ3H/zNp4AHy3jg.h..a5P/e', NULL, NULL, 1, 'a:1:{i:0;s:8:"ROLE_CDG";}', NULL, NULL, now(), 'admin');
INSERT INTO utilisateur (ID_COLL,  FG_BLOCAGE, USERNAME, PASSWORD, LB_PASS_TEMP, FG_TYPEUTIL, IS_ACTIVE, roles,  change_request, email, created_at, CD_UTILCREA) VALUES (NULL, 0, 'cdg17-formation', '$2y$10$O9Gw9qA9rEP/CVp5JJaH4OCm8xvrcRZ3H/zNp4AHy3jg.h..a5P/e', NULL, NULL, 1, 'a:1:{i:0;s:8:"ROLE_CDG";}', NULL, NULL, now(), 'admin');
INSERT INTO utilisateur (ID_COLL,  FG_BLOCAGE, USERNAME, PASSWORD, LB_PASS_TEMP, FG_TYPEUTIL, IS_ACTIVE, roles,  change_request, email, created_at, CD_UTILCREA) VALUES (NULL, 0, 'cdg18-formation', '$2y$10$O9Gw9qA9rEP/CVp5JJaH4OCm8xvrcRZ3H/zNp4AHy3jg.h..a5P/e', NULL, NULL, 1, 'a:1:{i:0;s:8:"ROLE_CDG";}', NULL, NULL, now(), 'admin');
INSERT INTO utilisateur (ID_COLL,  FG_BLOCAGE, USERNAME, PASSWORD, LB_PASS_TEMP, FG_TYPEUTIL, IS_ACTIVE, roles,  change_request, email, created_at, CD_UTILCREA) VALUES (NULL, 0, 'cdg19-formation', '$2y$10$O9Gw9qA9rEP/CVp5JJaH4OCm8xvrcRZ3H/zNp4AHy3jg.h..a5P/e', NULL, NULL, 1, 'a:1:{i:0;s:8:"ROLE_CDG";}', NULL, NULL, now(), 'admin');
INSERT INTO utilisateur (ID_COLL,  FG_BLOCAGE, USERNAME, PASSWORD, LB_PASS_TEMP, FG_TYPEUTIL, IS_ACTIVE, roles,  change_request, email, created_at, CD_UTILCREA) VALUES (NULL, 0, 'cdg2a-formation', '$2y$10$O9Gw9qA9rEP/CVp5JJaH4OCm8xvrcRZ3H/zNp4AHy3jg.h..a5P/e', NULL, NULL, 1, 'a:1:{i:0;s:8:"ROLE_CDG";}', NULL, NULL, now(), 'admin');
INSERT INTO utilisateur (ID_COLL,  FG_BLOCAGE, USERNAME, PASSWORD, LB_PASS_TEMP, FG_TYPEUTIL, IS_ACTIVE, roles,  change_request, email, created_at, CD_UTILCREA) VALUES (NULL, 0, 'cdg2b-formation', '$2y$10$O9Gw9qA9rEP/CVp5JJaH4OCm8xvrcRZ3H/zNp4AHy3jg.h..a5P/e', NULL, NULL, 1, 'a:1:{i:0;s:8:"ROLE_CDG";}', NULL, NULL, now(), 'admin');
INSERT INTO utilisateur (ID_COLL,  FG_BLOCAGE, USERNAME, PASSWORD, LB_PASS_TEMP, FG_TYPEUTIL, IS_ACTIVE, roles,  change_request, email, created_at, CD_UTILCREA) VALUES (NULL, 0, 'cdg21-formation', '$2y$10$O9Gw9qA9rEP/CVp5JJaH4OCm8xvrcRZ3H/zNp4AHy3jg.h..a5P/e', NULL, NULL, 1, 'a:1:{i:0;s:8:"ROLE_CDG";}', NULL, NULL, now(), 'admin');
INSERT INTO utilisateur (ID_COLL,  FG_BLOCAGE, USERNAME, PASSWORD, LB_PASS_TEMP, FG_TYPEUTIL, IS_ACTIVE, roles,  change_request, email, created_at, CD_UTILCREA) VALUES (NULL, 0, 'cdg22-formation', '$2y$10$O9Gw9qA9rEP/CVp5JJaH4OCm8xvrcRZ3H/zNp4AHy3jg.h..a5P/e', NULL, NULL, 1, 'a:1:{i:0;s:8:"ROLE_CDG";}', NULL, NULL, now(), 'admin');
INSERT INTO utilisateur (ID_COLL,  FG_BLOCAGE, USERNAME, PASSWORD, LB_PASS_TEMP, FG_TYPEUTIL, IS_ACTIVE, roles,  change_request, email, created_at, CD_UTILCREA) VALUES (NULL, 0, 'cdg23-formation', '$2y$10$O9Gw9qA9rEP/CVp5JJaH4OCm8xvrcRZ3H/zNp4AHy3jg.h..a5P/e', NULL, NULL, 1, 'a:1:{i:0;s:8:"ROLE_CDG";}', NULL, NULL, now(), 'admin');
INSERT INTO utilisateur (ID_COLL,  FG_BLOCAGE, USERNAME, PASSWORD, LB_PASS_TEMP, FG_TYPEUTIL, IS_ACTIVE, roles,  change_request, email, created_at, CD_UTILCREA) VALUES (NULL, 0, 'cdg24-formation', '$2y$10$O9Gw9qA9rEP/CVp5JJaH4OCm8xvrcRZ3H/zNp4AHy3jg.h..a5P/e', NULL, NULL, 1, 'a:1:{i:0;s:8:"ROLE_CDG";}', NULL, NULL, now(), 'admin');
INSERT INTO utilisateur (ID_COLL,  FG_BLOCAGE, USERNAME, PASSWORD, LB_PASS_TEMP, FG_TYPEUTIL, IS_ACTIVE, roles,  change_request, email, created_at, CD_UTILCREA) VALUES (NULL, 0, 'cdg25-formation', '$2y$10$O9Gw9qA9rEP/CVp5JJaH4OCm8xvrcRZ3H/zNp4AHy3jg.h..a5P/e', NULL, NULL, 1, 'a:1:{i:0;s:8:"ROLE_CDG";}', NULL, NULL, now(), 'admin');
INSERT INTO utilisateur (ID_COLL,  FG_BLOCAGE, USERNAME, PASSWORD, LB_PASS_TEMP, FG_TYPEUTIL, IS_ACTIVE, roles,  change_request, email, created_at, CD_UTILCREA) VALUES (NULL, 0, 'cdg26-formation', '$2y$10$O9Gw9qA9rEP/CVp5JJaH4OCm8xvrcRZ3H/zNp4AHy3jg.h..a5P/e', NULL, NULL, 1, 'a:1:{i:0;s:8:"ROLE_CDG";}', NULL, NULL, now(), 'admin');
INSERT INTO utilisateur (ID_COLL,  FG_BLOCAGE, USERNAME, PASSWORD, LB_PASS_TEMP, FG_TYPEUTIL, IS_ACTIVE, roles,  change_request, email, created_at, CD_UTILCREA) VALUES (NULL, 0, 'cdg27-formation', '$2y$10$O9Gw9qA9rEP/CVp5JJaH4OCm8xvrcRZ3H/zNp4AHy3jg.h..a5P/e', NULL, NULL, 1, 'a:1:{i:0;s:8:"ROLE_CDG";}', NULL, NULL, now(), 'admin');
INSERT INTO utilisateur (ID_COLL,  FG_BLOCAGE, USERNAME, PASSWORD, LB_PASS_TEMP, FG_TYPEUTIL, IS_ACTIVE, roles,  change_request, email, created_at, CD_UTILCREA) VALUES (NULL, 0, 'cdg28-formation', '$2y$10$O9Gw9qA9rEP/CVp5JJaH4OCm8xvrcRZ3H/zNp4AHy3jg.h..a5P/e', NULL, NULL, 1, 'a:1:{i:0;s:8:"ROLE_CDG";}', NULL, NULL, now(), 'admin');
INSERT INTO utilisateur (ID_COLL,  FG_BLOCAGE, USERNAME, PASSWORD, LB_PASS_TEMP, FG_TYPEUTIL, IS_ACTIVE, roles,  change_request, email, created_at, CD_UTILCREA) VALUES (NULL, 0, 'cdg29-formation', '$2y$10$O9Gw9qA9rEP/CVp5JJaH4OCm8xvrcRZ3H/zNp4AHy3jg.h..a5P/e', NULL, NULL, 1, 'a:1:{i:0;s:8:"ROLE_CDG";}', NULL, NULL, now(), 'admin');
INSERT INTO utilisateur (ID_COLL,  FG_BLOCAGE, USERNAME, PASSWORD, LB_PASS_TEMP, FG_TYPEUTIL, IS_ACTIVE, roles,  change_request, email, created_at, CD_UTILCREA) VALUES (NULL, 0, 'cdg30-formation', '$2y$10$O9Gw9qA9rEP/CVp5JJaH4OCm8xvrcRZ3H/zNp4AHy3jg.h..a5P/e', NULL, NULL, 1, 'a:1:{i:0;s:8:"ROLE_CDG";}', NULL, NULL, now(), 'admin');
INSERT INTO utilisateur (ID_COLL,  FG_BLOCAGE, USERNAME, PASSWORD, LB_PASS_TEMP, FG_TYPEUTIL, IS_ACTIVE, roles,  change_request, email, created_at, CD_UTILCREA) VALUES (NULL, 0, 'cdg31-formation', '$2y$10$O9Gw9qA9rEP/CVp5JJaH4OCm8xvrcRZ3H/zNp4AHy3jg.h..a5P/e', NULL, NULL, 1, 'a:1:{i:0;s:8:"ROLE_CDG";}', NULL, NULL, now(), 'admin');
INSERT INTO utilisateur (ID_COLL,  FG_BLOCAGE, USERNAME, PASSWORD, LB_PASS_TEMP, FG_TYPEUTIL, IS_ACTIVE, roles,  change_request, email, created_at, CD_UTILCREA) VALUES (NULL, 0, 'cdg32-formation', '$2y$10$O9Gw9qA9rEP/CVp5JJaH4OCm8xvrcRZ3H/zNp4AHy3jg.h..a5P/e', NULL, NULL, 1, 'a:1:{i:0;s:8:"ROLE_CDG";}', NULL, NULL, now(), 'admin');
INSERT INTO utilisateur (ID_COLL,  FG_BLOCAGE, USERNAME, PASSWORD, LB_PASS_TEMP, FG_TYPEUTIL, IS_ACTIVE, roles,  change_request, email, created_at, CD_UTILCREA) VALUES (NULL, 0, 'cdg33-formation', '$2y$10$O9Gw9qA9rEP/CVp5JJaH4OCm8xvrcRZ3H/zNp4AHy3jg.h..a5P/e', NULL, NULL, 1, 'a:1:{i:0;s:8:"ROLE_CDG";}', NULL, NULL, now(), 'admin');
INSERT INTO utilisateur (ID_COLL,  FG_BLOCAGE, USERNAME, PASSWORD, LB_PASS_TEMP, FG_TYPEUTIL, IS_ACTIVE, roles,  change_request, email, created_at, CD_UTILCREA) VALUES (NULL, 0, 'cdg34-formation', '$2y$10$O9Gw9qA9rEP/CVp5JJaH4OCm8xvrcRZ3H/zNp4AHy3jg.h..a5P/e', NULL, NULL, 1, 'a:1:{i:0;s:8:"ROLE_CDG";}', NULL, NULL, now(), 'admin');
INSERT INTO utilisateur (ID_COLL,  FG_BLOCAGE, USERNAME, PASSWORD, LB_PASS_TEMP, FG_TYPEUTIL, IS_ACTIVE, roles,  change_request, email, created_at, CD_UTILCREA) VALUES (NULL, 0, 'cdg35-formation', '$2y$10$O9Gw9qA9rEP/CVp5JJaH4OCm8xvrcRZ3H/zNp4AHy3jg.h..a5P/e', NULL, NULL, 1, 'a:1:{i:0;s:8:"ROLE_CDG";}', NULL, NULL, now(), 'admin');
INSERT INTO utilisateur (ID_COLL,  FG_BLOCAGE, USERNAME, PASSWORD, LB_PASS_TEMP, FG_TYPEUTIL, IS_ACTIVE, roles,  change_request, email, created_at, CD_UTILCREA) VALUES (NULL, 0, 'cdg36-formation', '$2y$10$O9Gw9qA9rEP/CVp5JJaH4OCm8xvrcRZ3H/zNp4AHy3jg.h..a5P/e', NULL, NULL, 1, 'a:1:{i:0;s:8:"ROLE_CDG";}', NULL, NULL, now(), 'admin');
INSERT INTO utilisateur (ID_COLL,  FG_BLOCAGE, USERNAME, PASSWORD, LB_PASS_TEMP, FG_TYPEUTIL, IS_ACTIVE, roles,  change_request, email, created_at, CD_UTILCREA) VALUES (NULL, 0, 'cdg37-formation', '$2y$10$O9Gw9qA9rEP/CVp5JJaH4OCm8xvrcRZ3H/zNp4AHy3jg.h..a5P/e', NULL, NULL, 1, 'a:1:{i:0;s:8:"ROLE_CDG";}', NULL, NULL, now(), 'admin');
INSERT INTO utilisateur (ID_COLL,  FG_BLOCAGE, USERNAME, PASSWORD, LB_PASS_TEMP, FG_TYPEUTIL, IS_ACTIVE, roles,  change_request, email, created_at, CD_UTILCREA) VALUES (NULL, 0, 'cdg38-formation', '$2y$10$O9Gw9qA9rEP/CVp5JJaH4OCm8xvrcRZ3H/zNp4AHy3jg.h..a5P/e', NULL, NULL, 1, 'a:1:{i:0;s:8:"ROLE_CDG";}', NULL, NULL, now(), 'admin');
INSERT INTO utilisateur (ID_COLL,  FG_BLOCAGE, USERNAME, PASSWORD, LB_PASS_TEMP, FG_TYPEUTIL, IS_ACTIVE, roles,  change_request, email, created_at, CD_UTILCREA) VALUES (NULL, 0, 'cdg39-formation', '$2y$10$O9Gw9qA9rEP/CVp5JJaH4OCm8xvrcRZ3H/zNp4AHy3jg.h..a5P/e', NULL, NULL, 1, 'a:1:{i:0;s:8:"ROLE_CDG";}', NULL, NULL, now(), 'admin');
INSERT INTO utilisateur (ID_COLL,  FG_BLOCAGE, USERNAME, PASSWORD, LB_PASS_TEMP, FG_TYPEUTIL, IS_ACTIVE, roles,  change_request, email, created_at, CD_UTILCREA) VALUES (NULL, 0, 'cdg40-formation', '$2y$10$O9Gw9qA9rEP/CVp5JJaH4OCm8xvrcRZ3H/zNp4AHy3jg.h..a5P/e', NULL, NULL, 1, 'a:1:{i:0;s:8:"ROLE_CDG";}', NULL, NULL, now(), 'admin');
INSERT INTO utilisateur (ID_COLL,  FG_BLOCAGE, USERNAME, PASSWORD, LB_PASS_TEMP, FG_TYPEUTIL, IS_ACTIVE, roles,  change_request, email, created_at, CD_UTILCREA) VALUES (NULL, 0, 'cdg41-formation', '$2y$10$O9Gw9qA9rEP/CVp5JJaH4OCm8xvrcRZ3H/zNp4AHy3jg.h..a5P/e', NULL, NULL, 1, 'a:1:{i:0;s:8:"ROLE_CDG";}', NULL, NULL, now(), 'admin');
INSERT INTO utilisateur (ID_COLL,  FG_BLOCAGE, USERNAME, PASSWORD, LB_PASS_TEMP, FG_TYPEUTIL, IS_ACTIVE, roles,  change_request, email, created_at, CD_UTILCREA) VALUES (NULL, 0, 'cdg42-formation', '$2y$10$O9Gw9qA9rEP/CVp5JJaH4OCm8xvrcRZ3H/zNp4AHy3jg.h..a5P/e', NULL, NULL, 1, 'a:1:{i:0;s:8:"ROLE_CDG";}', NULL, NULL, now(), 'admin');
INSERT INTO utilisateur (ID_COLL,  FG_BLOCAGE, USERNAME, PASSWORD, LB_PASS_TEMP, FG_TYPEUTIL, IS_ACTIVE, roles,  change_request, email, created_at, CD_UTILCREA) VALUES (NULL, 0, 'cdg43-formation', '$2y$10$O9Gw9qA9rEP/CVp5JJaH4OCm8xvrcRZ3H/zNp4AHy3jg.h..a5P/e', NULL, NULL, 1, 'a:1:{i:0;s:8:"ROLE_CDG";}', NULL, NULL, now(), 'admin');
INSERT INTO utilisateur (ID_COLL,  FG_BLOCAGE, USERNAME, PASSWORD, LB_PASS_TEMP, FG_TYPEUTIL, IS_ACTIVE, roles,  change_request, email, created_at, CD_UTILCREA) VALUES (NULL, 0, 'cdg44-formation', '$2y$10$O9Gw9qA9rEP/CVp5JJaH4OCm8xvrcRZ3H/zNp4AHy3jg.h..a5P/e', NULL, NULL, 1, 'a:1:{i:0;s:8:"ROLE_CDG";}', NULL, NULL, now(), 'admin');
INSERT INTO utilisateur (ID_COLL,  FG_BLOCAGE, USERNAME, PASSWORD, LB_PASS_TEMP, FG_TYPEUTIL, IS_ACTIVE, roles,  change_request, email, created_at, CD_UTILCREA) VALUES (NULL, 0, 'cdg45-formation', '$2y$10$O9Gw9qA9rEP/CVp5JJaH4OCm8xvrcRZ3H/zNp4AHy3jg.h..a5P/e', NULL, NULL, 1, 'a:1:{i:0;s:8:"ROLE_CDG";}', NULL, NULL, now(), 'admin');
INSERT INTO utilisateur (ID_COLL,  FG_BLOCAGE, USERNAME, PASSWORD, LB_PASS_TEMP, FG_TYPEUTIL, IS_ACTIVE, roles,  change_request, email, created_at, CD_UTILCREA) VALUES (NULL, 0, 'cdg46-formation', '$2y$10$O9Gw9qA9rEP/CVp5JJaH4OCm8xvrcRZ3H/zNp4AHy3jg.h..a5P/e', NULL, NULL, 1, 'a:1:{i:0;s:8:"ROLE_CDG";}', NULL, NULL, now(), 'admin');
INSERT INTO utilisateur (ID_COLL,  FG_BLOCAGE, USERNAME, PASSWORD, LB_PASS_TEMP, FG_TYPEUTIL, IS_ACTIVE, roles,  change_request, email, created_at, CD_UTILCREA) VALUES (NULL, 0, 'cdg47-formation', '$2y$10$O9Gw9qA9rEP/CVp5JJaH4OCm8xvrcRZ3H/zNp4AHy3jg.h..a5P/e', NULL, NULL, 1, 'a:1:{i:0;s:8:"ROLE_CDG";}', NULL, NULL, now(), 'admin');
INSERT INTO utilisateur (ID_COLL,  FG_BLOCAGE, USERNAME, PASSWORD, LB_PASS_TEMP, FG_TYPEUTIL, IS_ACTIVE, roles,  change_request, email, created_at, CD_UTILCREA) VALUES (NULL, 0, 'cdg48-formation', '$2y$10$O9Gw9qA9rEP/CVp5JJaH4OCm8xvrcRZ3H/zNp4AHy3jg.h..a5P/e', NULL, NULL, 1, 'a:1:{i:0;s:8:"ROLE_CDG";}', NULL, NULL, now(), 'admin');
INSERT INTO utilisateur (ID_COLL,  FG_BLOCAGE, USERNAME, PASSWORD, LB_PASS_TEMP, FG_TYPEUTIL, IS_ACTIVE, roles,  change_request, email, created_at, CD_UTILCREA) VALUES (NULL, 0, 'cdg49-formation', '$2y$10$O9Gw9qA9rEP/CVp5JJaH4OCm8xvrcRZ3H/zNp4AHy3jg.h..a5P/e', NULL, NULL, 1, 'a:1:{i:0;s:8:"ROLE_CDG";}', NULL, NULL, now(), 'admin');
INSERT INTO utilisateur (ID_COLL,  FG_BLOCAGE, USERNAME, PASSWORD, LB_PASS_TEMP, FG_TYPEUTIL, IS_ACTIVE, roles,  change_request, email, created_at, CD_UTILCREA) VALUES (NULL, 0, 'cdg50-formation', '$2y$10$O9Gw9qA9rEP/CVp5JJaH4OCm8xvrcRZ3H/zNp4AHy3jg.h..a5P/e', NULL, NULL, 1, 'a:1:{i:0;s:8:"ROLE_CDG";}', NULL, NULL, now(), 'admin');
INSERT INTO utilisateur (ID_COLL,  FG_BLOCAGE, USERNAME, PASSWORD, LB_PASS_TEMP, FG_TYPEUTIL, IS_ACTIVE, roles,  change_request, email, created_at, CD_UTILCREA) VALUES (NULL, 0, 'cdg51-formation', '$2y$10$O9Gw9qA9rEP/CVp5JJaH4OCm8xvrcRZ3H/zNp4AHy3jg.h..a5P/e', NULL, NULL, 1, 'a:1:{i:0;s:8:"ROLE_CDG";}', NULL, NULL, now(), 'admin');
INSERT INTO utilisateur (ID_COLL,  FG_BLOCAGE, USERNAME, PASSWORD, LB_PASS_TEMP, FG_TYPEUTIL, IS_ACTIVE, roles,  change_request, email, created_at, CD_UTILCREA) VALUES (NULL, 0, 'cdg52-formation', '$2y$10$O9Gw9qA9rEP/CVp5JJaH4OCm8xvrcRZ3H/zNp4AHy3jg.h..a5P/e', NULL, NULL, 1, 'a:1:{i:0;s:8:"ROLE_CDG";}', NULL, NULL, now(), 'admin');
INSERT INTO utilisateur (ID_COLL,  FG_BLOCAGE, USERNAME, PASSWORD, LB_PASS_TEMP, FG_TYPEUTIL, IS_ACTIVE, roles,  change_request, email, created_at, CD_UTILCREA) VALUES (NULL, 0, 'cdg53-formation', '$2y$10$O9Gw9qA9rEP/CVp5JJaH4OCm8xvrcRZ3H/zNp4AHy3jg.h..a5P/e', NULL, NULL, 1, 'a:1:{i:0;s:8:"ROLE_CDG";}', NULL, NULL, now(), 'admin');
INSERT INTO utilisateur (ID_COLL,  FG_BLOCAGE, USERNAME, PASSWORD, LB_PASS_TEMP, FG_TYPEUTIL, IS_ACTIVE, roles,  change_request, email, created_at, CD_UTILCREA) VALUES (NULL, 0, 'cdg54-formation', '$2y$10$O9Gw9qA9rEP/CVp5JJaH4OCm8xvrcRZ3H/zNp4AHy3jg.h..a5P/e', NULL, NULL, 1, 'a:1:{i:0;s:8:"ROLE_CDG";}', NULL, NULL, now(), 'admin');
INSERT INTO utilisateur (ID_COLL,  FG_BLOCAGE, USERNAME, PASSWORD, LB_PASS_TEMP, FG_TYPEUTIL, IS_ACTIVE, roles,  change_request, email, created_at, CD_UTILCREA) VALUES (NULL, 0, 'cdg55-formation', '$2y$10$O9Gw9qA9rEP/CVp5JJaH4OCm8xvrcRZ3H/zNp4AHy3jg.h..a5P/e', NULL, NULL, 1, 'a:1:{i:0;s:8:"ROLE_CDG";}', NULL, NULL, now(), 'admin');
INSERT INTO utilisateur (ID_COLL,  FG_BLOCAGE, USERNAME, PASSWORD, LB_PASS_TEMP, FG_TYPEUTIL, IS_ACTIVE, roles,  change_request, email, created_at, CD_UTILCREA) VALUES (NULL, 0, 'cdg56-formation', '$2y$10$O9Gw9qA9rEP/CVp5JJaH4OCm8xvrcRZ3H/zNp4AHy3jg.h..a5P/e', NULL, NULL, 1, 'a:1:{i:0;s:8:"ROLE_CDG";}', NULL, NULL, now(), 'admin');
INSERT INTO utilisateur (ID_COLL,  FG_BLOCAGE, USERNAME, PASSWORD, LB_PASS_TEMP, FG_TYPEUTIL, IS_ACTIVE, roles,  change_request, email, created_at, CD_UTILCREA) VALUES (NULL, 0, 'cdg57-formation', '$2y$10$O9Gw9qA9rEP/CVp5JJaH4OCm8xvrcRZ3H/zNp4AHy3jg.h..a5P/e', NULL, NULL, 1, 'a:1:{i:0;s:8:"ROLE_CDG";}', NULL, NULL, now(), 'admin');
INSERT INTO utilisateur (ID_COLL,  FG_BLOCAGE, USERNAME, PASSWORD, LB_PASS_TEMP, FG_TYPEUTIL, IS_ACTIVE, roles,  change_request, email, created_at, CD_UTILCREA) VALUES (NULL, 0, 'cdg58-formation', '$2y$10$O9Gw9qA9rEP/CVp5JJaH4OCm8xvrcRZ3H/zNp4AHy3jg.h..a5P/e', NULL, NULL, 1, 'a:1:{i:0;s:8:"ROLE_CDG";}', NULL, NULL, now(), 'admin');
INSERT INTO utilisateur (ID_COLL,  FG_BLOCAGE, USERNAME, PASSWORD, LB_PASS_TEMP, FG_TYPEUTIL, IS_ACTIVE, roles,  change_request, email, created_at, CD_UTILCREA) VALUES (NULL, 0, 'cdg59-formation', '$2y$10$O9Gw9qA9rEP/CVp5JJaH4OCm8xvrcRZ3H/zNp4AHy3jg.h..a5P/e', NULL, NULL, 1, 'a:1:{i:0;s:8:"ROLE_CDG";}', NULL, NULL, now(), 'admin');
INSERT INTO utilisateur (ID_COLL,  FG_BLOCAGE, USERNAME, PASSWORD, LB_PASS_TEMP, FG_TYPEUTIL, IS_ACTIVE, roles,  change_request, email, created_at, CD_UTILCREA) VALUES (NULL, 0, 'cdg60-formation', '$2y$10$O9Gw9qA9rEP/CVp5JJaH4OCm8xvrcRZ3H/zNp4AHy3jg.h..a5P/e', NULL, NULL, 1, 'a:1:{i:0;s:8:"ROLE_CDG";}', NULL, NULL, now(), 'admin');
INSERT INTO utilisateur (ID_COLL,  FG_BLOCAGE, USERNAME, PASSWORD, LB_PASS_TEMP, FG_TYPEUTIL, IS_ACTIVE, roles,  change_request, email, created_at, CD_UTILCREA) VALUES (NULL, 0, 'cdg61-formation', '$2y$10$O9Gw9qA9rEP/CVp5JJaH4OCm8xvrcRZ3H/zNp4AHy3jg.h..a5P/e', NULL, NULL, 1, 'a:1:{i:0;s:8:"ROLE_CDG";}', NULL, NULL, now(), 'admin');
INSERT INTO utilisateur (ID_COLL,  FG_BLOCAGE, USERNAME, PASSWORD, LB_PASS_TEMP, FG_TYPEUTIL, IS_ACTIVE, roles,  change_request, email, created_at, CD_UTILCREA) VALUES (NULL, 0, 'cdg62-formation', '$2y$10$O9Gw9qA9rEP/CVp5JJaH4OCm8xvrcRZ3H/zNp4AHy3jg.h..a5P/e', NULL, NULL, 1, 'a:1:{i:0;s:8:"ROLE_CDG";}', NULL, NULL, now(), 'admin');
INSERT INTO utilisateur (ID_COLL,  FG_BLOCAGE, USERNAME, PASSWORD, LB_PASS_TEMP, FG_TYPEUTIL, IS_ACTIVE, roles,  change_request, email, created_at, CD_UTILCREA) VALUES (NULL, 0, 'cdg63-formation', '$2y$10$O9Gw9qA9rEP/CVp5JJaH4OCm8xvrcRZ3H/zNp4AHy3jg.h..a5P/e', NULL, NULL, 1, 'a:1:{i:0;s:8:"ROLE_CDG";}', NULL, NULL, now(), 'admin');
INSERT INTO utilisateur (ID_COLL,  FG_BLOCAGE, USERNAME, PASSWORD, LB_PASS_TEMP, FG_TYPEUTIL, IS_ACTIVE, roles,  change_request, email, created_at, CD_UTILCREA) VALUES (NULL, 0, 'cdg64-formation', '$2y$10$O9Gw9qA9rEP/CVp5JJaH4OCm8xvrcRZ3H/zNp4AHy3jg.h..a5P/e', NULL, NULL, 1, 'a:1:{i:0;s:8:"ROLE_CDG";}', NULL, NULL, now(), 'admin');
INSERT INTO utilisateur (ID_COLL,  FG_BLOCAGE, USERNAME, PASSWORD, LB_PASS_TEMP, FG_TYPEUTIL, IS_ACTIVE, roles,  change_request, email, created_at, CD_UTILCREA) VALUES (NULL, 0, 'cdg65-formation', '$2y$10$O9Gw9qA9rEP/CVp5JJaH4OCm8xvrcRZ3H/zNp4AHy3jg.h..a5P/e', NULL, NULL, 1, 'a:1:{i:0;s:8:"ROLE_CDG";}', NULL, NULL, now(), 'admin');
INSERT INTO utilisateur (ID_COLL,  FG_BLOCAGE, USERNAME, PASSWORD, LB_PASS_TEMP, FG_TYPEUTIL, IS_ACTIVE, roles,  change_request, email, created_at, CD_UTILCREA) VALUES (NULL, 0, 'cdg66-formation', '$2y$10$O9Gw9qA9rEP/CVp5JJaH4OCm8xvrcRZ3H/zNp4AHy3jg.h..a5P/e', NULL, NULL, 1, 'a:1:{i:0;s:8:"ROLE_CDG";}', NULL, NULL, now(), 'admin');
INSERT INTO utilisateur (ID_COLL,  FG_BLOCAGE, USERNAME, PASSWORD, LB_PASS_TEMP, FG_TYPEUTIL, IS_ACTIVE, roles,  change_request, email, created_at, CD_UTILCREA) VALUES (NULL, 0, 'cdg67-formation', '$2y$10$O9Gw9qA9rEP/CVp5JJaH4OCm8xvrcRZ3H/zNp4AHy3jg.h..a5P/e', NULL, NULL, 1, 'a:1:{i:0;s:8:"ROLE_CDG";}', NULL, NULL, now(), 'admin');
INSERT INTO utilisateur (ID_COLL,  FG_BLOCAGE, USERNAME, PASSWORD, LB_PASS_TEMP, FG_TYPEUTIL, IS_ACTIVE, roles,  change_request, email, created_at, CD_UTILCREA) VALUES (NULL, 0, 'cdg68-formation', '$2y$10$O9Gw9qA9rEP/CVp5JJaH4OCm8xvrcRZ3H/zNp4AHy3jg.h..a5P/e', NULL, NULL, 1, 'a:1:{i:0;s:8:"ROLE_CDG";}', NULL, NULL, now(), 'admin');
INSERT INTO utilisateur (ID_COLL,  FG_BLOCAGE, USERNAME, PASSWORD, LB_PASS_TEMP, FG_TYPEUTIL, IS_ACTIVE, roles,  change_request, email, created_at, CD_UTILCREA) VALUES (NULL, 0, 'cdg69-formation', '$2y$10$O9Gw9qA9rEP/CVp5JJaH4OCm8xvrcRZ3H/zNp4AHy3jg.h..a5P/e', NULL, NULL, 1, 'a:1:{i:0;s:8:"ROLE_CDG";}', NULL, NULL, now(), 'admin');
INSERT INTO utilisateur (ID_COLL,  FG_BLOCAGE, USERNAME, PASSWORD, LB_PASS_TEMP, FG_TYPEUTIL, IS_ACTIVE, roles,  change_request, email, created_at, CD_UTILCREA) VALUES (NULL, 0, 'cdg70-formation', '$2y$10$O9Gw9qA9rEP/CVp5JJaH4OCm8xvrcRZ3H/zNp4AHy3jg.h..a5P/e', NULL, NULL, 1, 'a:1:{i:0;s:8:"ROLE_CDG";}', NULL, NULL, now(), 'admin');
INSERT INTO utilisateur (ID_COLL,  FG_BLOCAGE, USERNAME, PASSWORD, LB_PASS_TEMP, FG_TYPEUTIL, IS_ACTIVE, roles,  change_request, email, created_at, CD_UTILCREA) VALUES (NULL, 0, 'cdg71-formation', '$2y$10$O9Gw9qA9rEP/CVp5JJaH4OCm8xvrcRZ3H/zNp4AHy3jg.h..a5P/e', NULL, NULL, 1, 'a:1:{i:0;s:8:"ROLE_CDG";}', NULL, NULL, now(), 'admin');
INSERT INTO utilisateur (ID_COLL,  FG_BLOCAGE, USERNAME, PASSWORD, LB_PASS_TEMP, FG_TYPEUTIL, IS_ACTIVE, roles,  change_request, email, created_at, CD_UTILCREA) VALUES (NULL, 0, 'cdg72-formation', '$2y$10$O9Gw9qA9rEP/CVp5JJaH4OCm8xvrcRZ3H/zNp4AHy3jg.h..a5P/e', NULL, NULL, 1, 'a:1:{i:0;s:8:"ROLE_CDG";}', NULL, NULL, now(), 'admin');
INSERT INTO utilisateur (ID_COLL,  FG_BLOCAGE, USERNAME, PASSWORD, LB_PASS_TEMP, FG_TYPEUTIL, IS_ACTIVE, roles,  change_request, email, created_at, CD_UTILCREA) VALUES (NULL, 0, 'cdg73-formation', '$2y$10$O9Gw9qA9rEP/CVp5JJaH4OCm8xvrcRZ3H/zNp4AHy3jg.h..a5P/e', NULL, NULL, 1, 'a:1:{i:0;s:8:"ROLE_CDG";}', NULL, NULL, now(), 'admin');
INSERT INTO utilisateur (ID_COLL,  FG_BLOCAGE, USERNAME, PASSWORD, LB_PASS_TEMP, FG_TYPEUTIL, IS_ACTIVE, roles,  change_request, email, created_at, CD_UTILCREA) VALUES (NULL, 0, 'cdg74-formation', '$2y$10$O9Gw9qA9rEP/CVp5JJaH4OCm8xvrcRZ3H/zNp4AHy3jg.h..a5P/e', NULL, NULL, 1, 'a:1:{i:0;s:8:"ROLE_CDG";}', NULL, NULL, now(), 'admin');
INSERT INTO utilisateur (ID_COLL,  FG_BLOCAGE, USERNAME, PASSWORD, LB_PASS_TEMP, FG_TYPEUTIL, IS_ACTIVE, roles,  change_request, email, created_at, CD_UTILCREA) VALUES (NULL, 0, 'cdg76-formation', '$2y$10$O9Gw9qA9rEP/CVp5JJaH4OCm8xvrcRZ3H/zNp4AHy3jg.h..a5P/e', NULL, NULL, 1, 'a:1:{i:0;s:8:"ROLE_CDG";}', NULL, NULL, now(), 'admin');
INSERT INTO utilisateur (ID_COLL,  FG_BLOCAGE, USERNAME, PASSWORD, LB_PASS_TEMP, FG_TYPEUTIL, IS_ACTIVE, roles,  change_request, email, created_at, CD_UTILCREA) VALUES (NULL, 0, 'cdg77-formation', '$2y$10$O9Gw9qA9rEP/CVp5JJaH4OCm8xvrcRZ3H/zNp4AHy3jg.h..a5P/e', NULL, NULL, 1, 'a:1:{i:0;s:8:"ROLE_CDG";}', NULL, NULL, now(), 'admin');
INSERT INTO utilisateur (ID_COLL,  FG_BLOCAGE, USERNAME, PASSWORD, LB_PASS_TEMP, FG_TYPEUTIL, IS_ACTIVE, roles,  change_request, email, created_at, CD_UTILCREA) VALUES (NULL, 0, 'cdg79-formation', '$2y$10$O9Gw9qA9rEP/CVp5JJaH4OCm8xvrcRZ3H/zNp4AHy3jg.h..a5P/e', NULL, NULL, 1, 'a:1:{i:0;s:8:"ROLE_CDG";}', NULL, NULL, now(), 'admin');
INSERT INTO utilisateur (ID_COLL,  FG_BLOCAGE, USERNAME, PASSWORD, LB_PASS_TEMP, FG_TYPEUTIL, IS_ACTIVE, roles,  change_request, email, created_at, CD_UTILCREA) VALUES (NULL, 0, 'cdg80-formation', '$2y$10$O9Gw9qA9rEP/CVp5JJaH4OCm8xvrcRZ3H/zNp4AHy3jg.h..a5P/e', NULL, NULL, 1, 'a:1:{i:0;s:8:"ROLE_CDG";}', NULL, NULL, now(), 'admin');
INSERT INTO utilisateur (ID_COLL,  FG_BLOCAGE, USERNAME, PASSWORD, LB_PASS_TEMP, FG_TYPEUTIL, IS_ACTIVE, roles,  change_request, email, created_at, CD_UTILCREA) VALUES (NULL, 0, 'cdg81-formation', '$2y$10$O9Gw9qA9rEP/CVp5JJaH4OCm8xvrcRZ3H/zNp4AHy3jg.h..a5P/e', NULL, NULL, 1, 'a:1:{i:0;s:8:"ROLE_CDG";}', NULL, NULL, now(), 'admin');
INSERT INTO utilisateur (ID_COLL,  FG_BLOCAGE, USERNAME, PASSWORD, LB_PASS_TEMP, FG_TYPEUTIL, IS_ACTIVE, roles,  change_request, email, created_at, CD_UTILCREA) VALUES (NULL, 0, 'cdg82-formation', '$2y$10$O9Gw9qA9rEP/CVp5JJaH4OCm8xvrcRZ3H/zNp4AHy3jg.h..a5P/e', NULL, NULL, 1, 'a:1:{i:0;s:8:"ROLE_CDG";}', NULL, NULL, now(), 'admin');
INSERT INTO utilisateur (ID_COLL,  FG_BLOCAGE, USERNAME, PASSWORD, LB_PASS_TEMP, FG_TYPEUTIL, IS_ACTIVE, roles,  change_request, email, created_at, CD_UTILCREA) VALUES (NULL, 0, 'cdg83-formation', '$2y$10$O9Gw9qA9rEP/CVp5JJaH4OCm8xvrcRZ3H/zNp4AHy3jg.h..a5P/e', NULL, NULL, 1, 'a:1:{i:0;s:8:"ROLE_CDG";}', NULL, NULL, now(), 'admin');
INSERT INTO utilisateur (ID_COLL,  FG_BLOCAGE, USERNAME, PASSWORD, LB_PASS_TEMP, FG_TYPEUTIL, IS_ACTIVE, roles,  change_request, email, created_at, CD_UTILCREA) VALUES (NULL, 0, 'cdg84-formation', '$2y$10$O9Gw9qA9rEP/CVp5JJaH4OCm8xvrcRZ3H/zNp4AHy3jg.h..a5P/e', NULL, NULL, 1, 'a:1:{i:0;s:8:"ROLE_CDG";}', NULL, NULL, now(), 'admin');
INSERT INTO utilisateur (ID_COLL,  FG_BLOCAGE, USERNAME, PASSWORD, LB_PASS_TEMP, FG_TYPEUTIL, IS_ACTIVE, roles,  change_request, email, created_at, CD_UTILCREA) VALUES (NULL, 0, 'cdg85-formation', '$2y$10$O9Gw9qA9rEP/CVp5JJaH4OCm8xvrcRZ3H/zNp4AHy3jg.h..a5P/e', NULL, NULL, 1, 'a:1:{i:0;s:8:"ROLE_CDG";}', NULL, NULL, now(), 'admin');
INSERT INTO utilisateur (ID_COLL,  FG_BLOCAGE, USERNAME, PASSWORD, LB_PASS_TEMP, FG_TYPEUTIL, IS_ACTIVE, roles,  change_request, email, created_at, CD_UTILCREA) VALUES (NULL, 0, 'cdg86-formation', '$2y$10$O9Gw9qA9rEP/CVp5JJaH4OCm8xvrcRZ3H/zNp4AHy3jg.h..a5P/e', NULL, NULL, 1, 'a:1:{i:0;s:8:"ROLE_CDG";}', NULL, NULL, now(), 'admin');
INSERT INTO utilisateur (ID_COLL,  FG_BLOCAGE, USERNAME, PASSWORD, LB_PASS_TEMP, FG_TYPEUTIL, IS_ACTIVE, roles,  change_request, email, created_at, CD_UTILCREA) VALUES (NULL, 0, 'cdg87-formation', '$2y$10$O9Gw9qA9rEP/CVp5JJaH4OCm8xvrcRZ3H/zNp4AHy3jg.h..a5P/e', NULL, NULL, 1, 'a:1:{i:0;s:8:"ROLE_CDG";}', NULL, NULL, now(), 'admin');
INSERT INTO utilisateur (ID_COLL,  FG_BLOCAGE, USERNAME, PASSWORD, LB_PASS_TEMP, FG_TYPEUTIL, IS_ACTIVE, roles,  change_request, email, created_at, CD_UTILCREA) VALUES (NULL, 0, 'cdg88-formation', '$2y$10$O9Gw9qA9rEP/CVp5JJaH4OCm8xvrcRZ3H/zNp4AHy3jg.h..a5P/e', NULL, NULL, 1, 'a:1:{i:0;s:8:"ROLE_CDG";}', NULL, NULL, now(), 'admin');
INSERT INTO utilisateur (ID_COLL,  FG_BLOCAGE, USERNAME, PASSWORD, LB_PASS_TEMP, FG_TYPEUTIL, IS_ACTIVE, roles,  change_request, email, created_at, CD_UTILCREA) VALUES (NULL, 0, 'cdg89-formation', '$2y$10$O9Gw9qA9rEP/CVp5JJaH4OCm8xvrcRZ3H/zNp4AHy3jg.h..a5P/e', NULL, NULL, 1, 'a:1:{i:0;s:8:"ROLE_CDG";}', NULL, NULL, now(), 'admin');
INSERT INTO utilisateur (ID_COLL,  FG_BLOCAGE, USERNAME, PASSWORD, LB_PASS_TEMP, FG_TYPEUTIL, IS_ACTIVE, roles,  change_request, email, created_at, CD_UTILCREA) VALUES (NULL, 0, 'cdg90-formation', '$2y$10$O9Gw9qA9rEP/CVp5JJaH4OCm8xvrcRZ3H/zNp4AHy3jg.h..a5P/e', NULL, NULL, 1, 'a:1:{i:0;s:8:"ROLE_CDG";}', NULL, NULL, now(), 'admin');
INSERT INTO utilisateur (ID_COLL,  FG_BLOCAGE, USERNAME, PASSWORD, LB_PASS_TEMP, FG_TYPEUTIL, IS_ACTIVE, roles,  change_request, email, created_at, CD_UTILCREA) VALUES (NULL, 0, 'ciggc-formation', '$2y$10$O9Gw9qA9rEP/CVp5JJaH4OCm8xvrcRZ3H/zNp4AHy3jg.h..a5P/e', NULL, NULL, 1, 'a:1:{i:0;s:8:"ROLE_CDG";}', NULL, NULL, now(), 'admin');
INSERT INTO utilisateur (ID_COLL,  FG_BLOCAGE, USERNAME, PASSWORD, LB_PASS_TEMP, FG_TYPEUTIL, IS_ACTIVE, roles,  change_request, email, created_at, CD_UTILCREA) VALUES (NULL, 0, 'cigpc-formation', '$2y$10$O9Gw9qA9rEP/CVp5JJaH4OCm8xvrcRZ3H/zNp4AHy3jg.h..a5P/e', NULL, NULL, 1, 'a:1:{i:0;s:8:"ROLE_CDG";}', NULL, NULL, now(), 'admin');
INSERT INTO utilisateur (ID_COLL,  FG_BLOCAGE, USERNAME, PASSWORD, LB_PASS_TEMP, FG_TYPEUTIL, IS_ACTIVE, roles,  change_request, email, created_at, CD_UTILCREA) VALUES (NULL, 0, 'cdg971-formation', '$2y$10$O9Gw9qA9rEP/CVp5JJaH4OCm8xvrcRZ3H/zNp4AHy3jg.h..a5P/e', NULL, NULL, 1, 'a:1:{i:0;s:8:"ROLE_CDG";}', NULL, NULL, now(), 'admin');
INSERT INTO utilisateur (ID_COLL,  FG_BLOCAGE, USERNAME, PASSWORD, LB_PASS_TEMP, FG_TYPEUTIL, IS_ACTIVE, roles,  change_request, email, created_at, CD_UTILCREA) VALUES (NULL, 0, 'cdg972-formation', '$2y$10$O9Gw9qA9rEP/CVp5JJaH4OCm8xvrcRZ3H/zNp4AHy3jg.h..a5P/e', NULL, NULL, 1, 'a:1:{i:0;s:8:"ROLE_CDG";}', NULL, NULL, now(), 'admin');
INSERT INTO utilisateur (ID_COLL,  FG_BLOCAGE, USERNAME, PASSWORD, LB_PASS_TEMP, FG_TYPEUTIL, IS_ACTIVE, roles,  change_request, email, created_at, CD_UTILCREA) VALUES (NULL, 0, 'cdg973-formation', '$2y$10$O9Gw9qA9rEP/CVp5JJaH4OCm8xvrcRZ3H/zNp4AHy3jg.h..a5P/e', NULL, NULL, 1, 'a:1:{i:0;s:8:"ROLE_CDG";}', NULL, NULL, now(), 'admin');
INSERT INTO utilisateur (ID_COLL,  FG_BLOCAGE, USERNAME, PASSWORD, LB_PASS_TEMP, FG_TYPEUTIL, IS_ACTIVE, roles,  change_request, email, created_at, CD_UTILCREA) VALUES (NULL, 0, 'cdg974-formation', '$2y$10$O9Gw9qA9rEP/CVp5JJaH4OCm8xvrcRZ3H/zNp4AHy3jg.h..a5P/e', NULL, NULL, 1, 'a:1:{i:0;s:8:"ROLE_CDG";}', NULL, NULL, now(), 'admin');
INSERT INTO utilisateur (ID_COLL,  FG_BLOCAGE, USERNAME, PASSWORD, LB_PASS_TEMP, FG_TYPEUTIL, IS_ACTIVE, roles,  change_request, email, created_at, CD_UTILCREA) VALUES (NULL, 0, 'cdg976-formation', '$2y$10$O9Gw9qA9rEP/CVp5JJaH4OCm8xvrcRZ3H/zNp4AHy3jg.h..a5P/e', NULL, NULL, 1, 'a:1:{i:0;s:8:"ROLE_CDG";}', NULL, NULL, now(), 'admin');

/* Création des relations utilisateur_cdg */
INSERT INTO utilisateur_cdg(ID_UTIL, ID_CDG) VALUES(2, 1);
INSERT INTO utilisateur_cdg(ID_UTIL, ID_CDG) VALUES(3, 2);
INSERT INTO utilisateur_cdg(ID_UTIL, ID_CDG) VALUES(4, 3);
INSERT INTO utilisateur_cdg(ID_UTIL, ID_CDG) VALUES(5, 4);
INSERT INTO utilisateur_cdg(ID_UTIL, ID_CDG) VALUES(6, 5);
INSERT INTO utilisateur_cdg(ID_UTIL, ID_CDG) VALUES(7, 6);
INSERT INTO utilisateur_cdg(ID_UTIL, ID_CDG) VALUES(8, 7);
INSERT INTO utilisateur_cdg(ID_UTIL, ID_CDG) VALUES(9, 8);
INSERT INTO utilisateur_cdg(ID_UTIL, ID_CDG) VALUES(10, 9);
INSERT INTO utilisateur_cdg(ID_UTIL, ID_CDG) VALUES(11, 10);
INSERT INTO utilisateur_cdg(ID_UTIL, ID_CDG) VALUES(12, 11);
INSERT INTO utilisateur_cdg(ID_UTIL, ID_CDG) VALUES(13, 12);
INSERT INTO utilisateur_cdg(ID_UTIL, ID_CDG) VALUES(14, 13);
INSERT INTO utilisateur_cdg(ID_UTIL, ID_CDG) VALUES(15, 14);
INSERT INTO utilisateur_cdg(ID_UTIL, ID_CDG) VALUES(16, 15);
INSERT INTO utilisateur_cdg(ID_UTIL, ID_CDG) VALUES(17, 16);
INSERT INTO utilisateur_cdg(ID_UTIL, ID_CDG) VALUES(18, 17);
INSERT INTO utilisateur_cdg(ID_UTIL, ID_CDG) VALUES(19, 18);
INSERT INTO utilisateur_cdg(ID_UTIL, ID_CDG) VALUES(20, 19);
INSERT INTO utilisateur_cdg(ID_UTIL, ID_CDG) VALUES(21, 20);
INSERT INTO utilisateur_cdg(ID_UTIL, ID_CDG) VALUES(22, 21);
INSERT INTO utilisateur_cdg(ID_UTIL, ID_CDG) VALUES(23, 22);
INSERT INTO utilisateur_cdg(ID_UTIL, ID_CDG) VALUES(24, 23);
INSERT INTO utilisateur_cdg(ID_UTIL, ID_CDG) VALUES(25, 24);
INSERT INTO utilisateur_cdg(ID_UTIL, ID_CDG) VALUES(26, 25);
INSERT INTO utilisateur_cdg(ID_UTIL, ID_CDG) VALUES(27, 26);
INSERT INTO utilisateur_cdg(ID_UTIL, ID_CDG) VALUES(28, 27);
INSERT INTO utilisateur_cdg(ID_UTIL, ID_CDG) VALUES(29, 28);
INSERT INTO utilisateur_cdg(ID_UTIL, ID_CDG) VALUES(30, 29);
INSERT INTO utilisateur_cdg(ID_UTIL, ID_CDG) VALUES(31, 30);
INSERT INTO utilisateur_cdg(ID_UTIL, ID_CDG) VALUES(32, 31);
INSERT INTO utilisateur_cdg(ID_UTIL, ID_CDG) VALUES(33, 32);
INSERT INTO utilisateur_cdg(ID_UTIL, ID_CDG) VALUES(34, 33);
INSERT INTO utilisateur_cdg(ID_UTIL, ID_CDG) VALUES(35, 34);
INSERT INTO utilisateur_cdg(ID_UTIL, ID_CDG) VALUES(36, 35);
INSERT INTO utilisateur_cdg(ID_UTIL, ID_CDG) VALUES(37, 36);
INSERT INTO utilisateur_cdg(ID_UTIL, ID_CDG) VALUES(38, 37);
INSERT INTO utilisateur_cdg(ID_UTIL, ID_CDG) VALUES(39, 38);
INSERT INTO utilisateur_cdg(ID_UTIL, ID_CDG) VALUES(40, 39);
INSERT INTO utilisateur_cdg(ID_UTIL, ID_CDG) VALUES(41, 40);
INSERT INTO utilisateur_cdg(ID_UTIL, ID_CDG) VALUES(42, 41);
INSERT INTO utilisateur_cdg(ID_UTIL, ID_CDG) VALUES(43, 42);
INSERT INTO utilisateur_cdg(ID_UTIL, ID_CDG) VALUES(44, 43);
INSERT INTO utilisateur_cdg(ID_UTIL, ID_CDG) VALUES(45, 44);
INSERT INTO utilisateur_cdg(ID_UTIL, ID_CDG) VALUES(46, 45);
INSERT INTO utilisateur_cdg(ID_UTIL, ID_CDG) VALUES(47, 46);
INSERT INTO utilisateur_cdg(ID_UTIL, ID_CDG) VALUES(48, 47);
INSERT INTO utilisateur_cdg(ID_UTIL, ID_CDG) VALUES(49, 48);
INSERT INTO utilisateur_cdg(ID_UTIL, ID_CDG) VALUES(50, 49);
INSERT INTO utilisateur_cdg(ID_UTIL, ID_CDG) VALUES(51, 50);
INSERT INTO utilisateur_cdg(ID_UTIL, ID_CDG) VALUES(52, 51);
INSERT INTO utilisateur_cdg(ID_UTIL, ID_CDG) VALUES(53, 52);
INSERT INTO utilisateur_cdg(ID_UTIL, ID_CDG) VALUES(54, 53);
INSERT INTO utilisateur_cdg(ID_UTIL, ID_CDG) VALUES(55, 54);
INSERT INTO utilisateur_cdg(ID_UTIL, ID_CDG) VALUES(56, 55);
INSERT INTO utilisateur_cdg(ID_UTIL, ID_CDG) VALUES(57, 56);
INSERT INTO utilisateur_cdg(ID_UTIL, ID_CDG) VALUES(58, 57);
INSERT INTO utilisateur_cdg(ID_UTIL, ID_CDG) VALUES(59, 58);
INSERT INTO utilisateur_cdg(ID_UTIL, ID_CDG) VALUES(60, 59);
INSERT INTO utilisateur_cdg(ID_UTIL, ID_CDG) VALUES(61, 60);
INSERT INTO utilisateur_cdg(ID_UTIL, ID_CDG) VALUES(62, 61);
INSERT INTO utilisateur_cdg(ID_UTIL, ID_CDG) VALUES(63, 62);
INSERT INTO utilisateur_cdg(ID_UTIL, ID_CDG) VALUES(64, 63);
INSERT INTO utilisateur_cdg(ID_UTIL, ID_CDG) VALUES(65, 64);
INSERT INTO utilisateur_cdg(ID_UTIL, ID_CDG) VALUES(66, 65);
INSERT INTO utilisateur_cdg(ID_UTIL, ID_CDG) VALUES(67, 66);
INSERT INTO utilisateur_cdg(ID_UTIL, ID_CDG) VALUES(68, 67);
INSERT INTO utilisateur_cdg(ID_UTIL, ID_CDG) VALUES(69, 68);
INSERT INTO utilisateur_cdg(ID_UTIL, ID_CDG) VALUES(70, 69);
INSERT INTO utilisateur_cdg(ID_UTIL, ID_CDG) VALUES(71, 70);
INSERT INTO utilisateur_cdg(ID_UTIL, ID_CDG) VALUES(72, 71);
INSERT INTO utilisateur_cdg(ID_UTIL, ID_CDG) VALUES(73, 72);
INSERT INTO utilisateur_cdg(ID_UTIL, ID_CDG) VALUES(74, 73);
INSERT INTO utilisateur_cdg(ID_UTIL, ID_CDG) VALUES(75, 74);
INSERT INTO utilisateur_cdg(ID_UTIL, ID_CDG) VALUES(76, 75);
INSERT INTO utilisateur_cdg(ID_UTIL, ID_CDG) VALUES(77, 76);
INSERT INTO utilisateur_cdg(ID_UTIL, ID_CDG) VALUES(78, 77);
INSERT INTO utilisateur_cdg(ID_UTIL, ID_CDG) VALUES(79, 78);
INSERT INTO utilisateur_cdg(ID_UTIL, ID_CDG) VALUES(80, 79);
INSERT INTO utilisateur_cdg(ID_UTIL, ID_CDG) VALUES(81, 80);
INSERT INTO utilisateur_cdg(ID_UTIL, ID_CDG) VALUES(82, 81);
INSERT INTO utilisateur_cdg(ID_UTIL, ID_CDG) VALUES(83, 82);
INSERT INTO utilisateur_cdg(ID_UTIL, ID_CDG) VALUES(84, 83);
INSERT INTO utilisateur_cdg(ID_UTIL, ID_CDG) VALUES(85, 84);
INSERT INTO utilisateur_cdg(ID_UTIL, ID_CDG) VALUES(86, 85);
INSERT INTO utilisateur_cdg(ID_UTIL, ID_CDG) VALUES(87, 86);
INSERT INTO utilisateur_cdg(ID_UTIL, ID_CDG) VALUES(88, 87);
INSERT INTO utilisateur_cdg(ID_UTIL, ID_CDG) VALUES(89, 88);
INSERT INTO utilisateur_cdg(ID_UTIL, ID_CDG) VALUES(90, 89);
INSERT INTO utilisateur_cdg(ID_UTIL, ID_CDG) VALUES(91, 90);
INSERT INTO utilisateur_cdg(ID_UTIL, ID_CDG) VALUES(92, 91);
INSERT INTO utilisateur_cdg(ID_UTIL, ID_CDG) VALUES(93, 92);
INSERT INTO utilisateur_cdg(ID_UTIL, ID_CDG) VALUES(94, 93);
INSERT INTO utilisateur_cdg(ID_UTIL, ID_CDG) VALUES(95, 94);
INSERT INTO utilisateur_cdg(ID_UTIL, ID_CDG) VALUES(96, 95);
INSERT INTO utilisateur_cdg(ID_UTIL, ID_CDG) VALUES(97, 96);

/* Création des relations cdg_departement */
INSERT INTO cdg_departement(ID_CDG, ID_DEPA, FG_TYPE) VALUES (1, 1, '1');
INSERT INTO cdg_departement(ID_CDG, ID_DEPA, FG_TYPE) VALUES (2, 2, '1');
INSERT INTO cdg_departement(ID_CDG, ID_DEPA, FG_TYPE) VALUES (3, 3, '1');
INSERT INTO cdg_departement(ID_CDG, ID_DEPA, FG_TYPE) VALUES (4, 4, '1');
INSERT INTO cdg_departement(ID_CDG, ID_DEPA, FG_TYPE) VALUES (5, 5, '1');
INSERT INTO cdg_departement(ID_CDG, ID_DEPA, FG_TYPE) VALUES (6, 6, '1');
INSERT INTO cdg_departement(ID_CDG, ID_DEPA, FG_TYPE) VALUES (7, 7, '1');
INSERT INTO cdg_departement(ID_CDG, ID_DEPA, FG_TYPE) VALUES (8, 8, '1');
INSERT INTO cdg_departement(ID_CDG, ID_DEPA, FG_TYPE) VALUES (9, 9, '1');
INSERT INTO cdg_departement(ID_CDG, ID_DEPA, FG_TYPE) VALUES (10, 10, '1');
INSERT INTO cdg_departement(ID_CDG, ID_DEPA, FG_TYPE) VALUES (11, 11, '1');
INSERT INTO cdg_departement(ID_CDG, ID_DEPA, FG_TYPE) VALUES (12, 12, '1');
INSERT INTO cdg_departement(ID_CDG, ID_DEPA, FG_TYPE) VALUES (13, 13, '1');
INSERT INTO cdg_departement(ID_CDG, ID_DEPA, FG_TYPE) VALUES (14, 14, '1');
INSERT INTO cdg_departement(ID_CDG, ID_DEPA, FG_TYPE) VALUES (15, 15, '1');
INSERT INTO cdg_departement(ID_CDG, ID_DEPA, FG_TYPE) VALUES (16, 16, '1');
INSERT INTO cdg_departement(ID_CDG, ID_DEPA, FG_TYPE) VALUES (17, 17, '1');
INSERT INTO cdg_departement(ID_CDG, ID_DEPA, FG_TYPE) VALUES (18, 18, '1');
INSERT INTO cdg_departement(ID_CDG, ID_DEPA, FG_TYPE) VALUES (19, 19, '1');
INSERT INTO cdg_departement(ID_CDG, ID_DEPA, FG_TYPE) VALUES (20, 20, '1');
INSERT INTO cdg_departement(ID_CDG, ID_DEPA, FG_TYPE) VALUES (21, 21, '1');
INSERT INTO cdg_departement(ID_CDG, ID_DEPA, FG_TYPE) VALUES (22, 22, '1');
INSERT INTO cdg_departement(ID_CDG, ID_DEPA, FG_TYPE) VALUES (23, 23, '1');
INSERT INTO cdg_departement(ID_CDG, ID_DEPA, FG_TYPE) VALUES (24, 24, '1');
INSERT INTO cdg_departement(ID_CDG, ID_DEPA, FG_TYPE) VALUES (25, 25, '1');
INSERT INTO cdg_departement(ID_CDG, ID_DEPA, FG_TYPE) VALUES (26, 26, '1');
INSERT INTO cdg_departement(ID_CDG, ID_DEPA, FG_TYPE) VALUES (27, 27, '1');
INSERT INTO cdg_departement(ID_CDG, ID_DEPA, FG_TYPE) VALUES (28, 28, '1');
INSERT INTO cdg_departement(ID_CDG, ID_DEPA, FG_TYPE) VALUES (29, 29, '1');
INSERT INTO cdg_departement(ID_CDG, ID_DEPA, FG_TYPE) VALUES (30, 30, '1');
INSERT INTO cdg_departement(ID_CDG, ID_DEPA, FG_TYPE) VALUES (31, 31, '1');
INSERT INTO cdg_departement(ID_CDG, ID_DEPA, FG_TYPE) VALUES (32, 32, '1');
INSERT INTO cdg_departement(ID_CDG, ID_DEPA, FG_TYPE) VALUES (33, 33, '1');
INSERT INTO cdg_departement(ID_CDG, ID_DEPA, FG_TYPE) VALUES (34, 34, '1');
INSERT INTO cdg_departement(ID_CDG, ID_DEPA, FG_TYPE) VALUES (35, 35, '1');
INSERT INTO cdg_departement(ID_CDG, ID_DEPA, FG_TYPE) VALUES (36, 36, '1');
INSERT INTO cdg_departement(ID_CDG, ID_DEPA, FG_TYPE) VALUES (37, 37, '1');
INSERT INTO cdg_departement(ID_CDG, ID_DEPA, FG_TYPE) VALUES (38, 38, '1');
INSERT INTO cdg_departement(ID_CDG, ID_DEPA, FG_TYPE) VALUES (39, 39, '1');
INSERT INTO cdg_departement(ID_CDG, ID_DEPA, FG_TYPE) VALUES (40, 40, '1');
INSERT INTO cdg_departement(ID_CDG, ID_DEPA, FG_TYPE) VALUES (41, 41, '1');
INSERT INTO cdg_departement(ID_CDG, ID_DEPA, FG_TYPE) VALUES (42, 42, '1');
INSERT INTO cdg_departement(ID_CDG, ID_DEPA, FG_TYPE) VALUES (43, 43, '1');
INSERT INTO cdg_departement(ID_CDG, ID_DEPA, FG_TYPE) VALUES (44, 44, '1');
INSERT INTO cdg_departement(ID_CDG, ID_DEPA, FG_TYPE) VALUES (45, 45, '1');
INSERT INTO cdg_departement(ID_CDG, ID_DEPA, FG_TYPE) VALUES (46, 46, '1');
INSERT INTO cdg_departement(ID_CDG, ID_DEPA, FG_TYPE) VALUES (47, 47, '1');
INSERT INTO cdg_departement(ID_CDG, ID_DEPA, FG_TYPE) VALUES (48, 48, '1');
INSERT INTO cdg_departement(ID_CDG, ID_DEPA, FG_TYPE) VALUES (49, 49, '1');
INSERT INTO cdg_departement(ID_CDG, ID_DEPA, FG_TYPE) VALUES (50, 50, '1');
INSERT INTO cdg_departement(ID_CDG, ID_DEPA, FG_TYPE) VALUES (51, 51, '1');
INSERT INTO cdg_departement(ID_CDG, ID_DEPA, FG_TYPE) VALUES (52, 52, '1');
INSERT INTO cdg_departement(ID_CDG, ID_DEPA, FG_TYPE) VALUES (53, 53, '1');
INSERT INTO cdg_departement(ID_CDG, ID_DEPA, FG_TYPE) VALUES (54, 54, '1');
INSERT INTO cdg_departement(ID_CDG, ID_DEPA, FG_TYPE) VALUES (55, 55, '1');
INSERT INTO cdg_departement(ID_CDG, ID_DEPA, FG_TYPE) VALUES (56, 56, '1');
INSERT INTO cdg_departement(ID_CDG, ID_DEPA, FG_TYPE) VALUES (57, 57, '1');
INSERT INTO cdg_departement(ID_CDG, ID_DEPA, FG_TYPE) VALUES (58, 58, '1');
INSERT INTO cdg_departement(ID_CDG, ID_DEPA, FG_TYPE) VALUES (59, 59, '1');
INSERT INTO cdg_departement(ID_CDG, ID_DEPA, FG_TYPE) VALUES (60, 60, '1');
INSERT INTO cdg_departement(ID_CDG, ID_DEPA, FG_TYPE) VALUES (61, 61, '1');
INSERT INTO cdg_departement(ID_CDG, ID_DEPA, FG_TYPE) VALUES (62, 62, '1');
INSERT INTO cdg_departement(ID_CDG, ID_DEPA, FG_TYPE) VALUES (63, 63, '1');
INSERT INTO cdg_departement(ID_CDG, ID_DEPA, FG_TYPE) VALUES (64, 64, '1');
INSERT INTO cdg_departement(ID_CDG, ID_DEPA, FG_TYPE) VALUES (65, 65, '1');
INSERT INTO cdg_departement(ID_CDG, ID_DEPA, FG_TYPE) VALUES (66, 66, '1');
INSERT INTO cdg_departement(ID_CDG, ID_DEPA, FG_TYPE) VALUES (67, 67, '1');
INSERT INTO cdg_departement(ID_CDG, ID_DEPA, FG_TYPE) VALUES (68, 68, '1');
INSERT INTO cdg_departement(ID_CDG, ID_DEPA, FG_TYPE) VALUES (69, 69, '1');
INSERT INTO cdg_departement(ID_CDG, ID_DEPA, FG_TYPE) VALUES (70, 70, '1');
INSERT INTO cdg_departement(ID_CDG, ID_DEPA, FG_TYPE) VALUES (71, 71, '1');
INSERT INTO cdg_departement(ID_CDG, ID_DEPA, FG_TYPE) VALUES (72, 72, '1');
INSERT INTO cdg_departement(ID_CDG, ID_DEPA, FG_TYPE) VALUES (73, 73, '1');
INSERT INTO cdg_departement(ID_CDG, ID_DEPA, FG_TYPE) VALUES (74, 74, '1');
INSERT INTO cdg_departement(ID_CDG, ID_DEPA, FG_TYPE) VALUES (75, 75, '1');
INSERT INTO cdg_departement(ID_CDG, ID_DEPA, FG_TYPE) VALUES (76, 76, '1');
INSERT INTO cdg_departement(ID_CDG, ID_DEPA, FG_TYPE) VALUES (77, 77, '1');
INSERT INTO cdg_departement(ID_CDG, ID_DEPA, FG_TYPE) VALUES (90, 78, '1');
INSERT INTO cdg_departement(ID_CDG, ID_DEPA, FG_TYPE) VALUES (78, 79, '1');
INSERT INTO cdg_departement(ID_CDG, ID_DEPA, FG_TYPE) VALUES (79, 80, '1');
INSERT INTO cdg_departement(ID_CDG, ID_DEPA, FG_TYPE) VALUES (80, 81, '1');
INSERT INTO cdg_departement(ID_CDG, ID_DEPA, FG_TYPE) VALUES (81, 82, '1');
INSERT INTO cdg_departement(ID_CDG, ID_DEPA, FG_TYPE) VALUES (82, 83, '1');
INSERT INTO cdg_departement(ID_CDG, ID_DEPA, FG_TYPE) VALUES (83, 84, '1');
INSERT INTO cdg_departement(ID_CDG, ID_DEPA, FG_TYPE) VALUES (84, 85, '1');
INSERT INTO cdg_departement(ID_CDG, ID_DEPA, FG_TYPE) VALUES (85, 86, '1');
INSERT INTO cdg_departement(ID_CDG, ID_DEPA, FG_TYPE) VALUES (86, 87, '1');
INSERT INTO cdg_departement(ID_CDG, ID_DEPA, FG_TYPE) VALUES (87, 88, '1');
INSERT INTO cdg_departement(ID_CDG, ID_DEPA, FG_TYPE) VALUES (88, 89, '1');
INSERT INTO cdg_departement(ID_CDG, ID_DEPA, FG_TYPE) VALUES (89, 90, '1');
INSERT INTO cdg_departement(ID_CDG, ID_DEPA, FG_TYPE) VALUES (90, 91, '1');
INSERT INTO cdg_departement(ID_CDG, ID_DEPA, FG_TYPE) VALUES (91, 92, '1');
INSERT INTO cdg_departement(ID_CDG, ID_DEPA, FG_TYPE) VALUES (91, 93, '1');
INSERT INTO cdg_departement(ID_CDG, ID_DEPA, FG_TYPE) VALUES (91, 94, '1');
INSERT INTO cdg_departement(ID_CDG, ID_DEPA, FG_TYPE) VALUES (90, 95, '1');
INSERT INTO cdg_departement(ID_CDG, ID_DEPA, FG_TYPE) VALUES (92, 96, '1');
INSERT INTO cdg_departement(ID_CDG, ID_DEPA, FG_TYPE) VALUES (93, 97, '1');
INSERT INTO cdg_departement(ID_CDG, ID_DEPA, FG_TYPE) VALUES (94, 98, '1');
INSERT INTO cdg_departement(ID_CDG, ID_DEPA, FG_TYPE) VALUES (95, 99, '1');
INSERT INTO cdg_departement(ID_CDG, ID_DEPA, FG_TYPE) VALUES (96, 100, '1');
INSERT INTO cdg_departement(ID_CDG, ID_DEPA, FG_TYPE) VALUES (90, 101, '1');
INSERT INTO cdg_departement(ID_CDG, ID_DEPA, FG_TYPE, DATE_DEBUT, DATE_FIN) VALUES (1, 1, '0', '1970-01-01', '2099-12-31');
INSERT INTO cdg_departement(ID_CDG, ID_DEPA, FG_TYPE, DATE_DEBUT, DATE_FIN) VALUES (2, 2, '0', '1970-01-01', '2099-12-31');
INSERT INTO cdg_departement(ID_CDG, ID_DEPA, FG_TYPE, DATE_DEBUT, DATE_FIN) VALUES (3, 3, '0', '1970-01-01', '2099-12-31');
INSERT INTO cdg_departement(ID_CDG, ID_DEPA, FG_TYPE, DATE_DEBUT, DATE_FIN) VALUES (4, 4, '0', '1970-01-01', '2099-12-31');
INSERT INTO cdg_departement(ID_CDG, ID_DEPA, FG_TYPE, DATE_DEBUT, DATE_FIN) VALUES (5, 5, '0', '1970-01-01', '2099-12-31');
INSERT INTO cdg_departement(ID_CDG, ID_DEPA, FG_TYPE, DATE_DEBUT, DATE_FIN) VALUES (6, 6, '0', '1970-01-01', '2099-12-31');
INSERT INTO cdg_departement(ID_CDG, ID_DEPA, FG_TYPE, DATE_DEBUT, DATE_FIN) VALUES (7, 7, '0', '1970-01-01', '2099-12-31');
INSERT INTO cdg_departement(ID_CDG, ID_DEPA, FG_TYPE, DATE_DEBUT, DATE_FIN) VALUES (8, 8, '0', '1970-01-01', '2099-12-31');
INSERT INTO cdg_departement(ID_CDG, ID_DEPA, FG_TYPE, DATE_DEBUT, DATE_FIN) VALUES (9, 9, '0', '1970-01-01', '2099-12-31');
INSERT INTO cdg_departement(ID_CDG, ID_DEPA, FG_TYPE, DATE_DEBUT, DATE_FIN) VALUES (10, 10, '0', '1970-01-01', '2099-12-31');
INSERT INTO cdg_departement(ID_CDG, ID_DEPA, FG_TYPE, DATE_DEBUT, DATE_FIN) VALUES (11, 11, '0', '1970-01-01', '2099-12-31');
INSERT INTO cdg_departement(ID_CDG, ID_DEPA, FG_TYPE, DATE_DEBUT, DATE_FIN) VALUES (12, 12, '0', '1970-01-01', '2099-12-31');
INSERT INTO cdg_departement(ID_CDG, ID_DEPA, FG_TYPE, DATE_DEBUT, DATE_FIN) VALUES (13, 13, '0', '1970-01-01', '2099-12-31');
INSERT INTO cdg_departement(ID_CDG, ID_DEPA, FG_TYPE, DATE_DEBUT, DATE_FIN) VALUES (14, 14, '0', '1970-01-01', '2099-12-31');
INSERT INTO cdg_departement(ID_CDG, ID_DEPA, FG_TYPE, DATE_DEBUT, DATE_FIN) VALUES (15, 15, '0', '1970-01-01', '2099-12-31');
INSERT INTO cdg_departement(ID_CDG, ID_DEPA, FG_TYPE, DATE_DEBUT, DATE_FIN) VALUES (16, 16, '0', '1970-01-01', '2099-12-31');
INSERT INTO cdg_departement(ID_CDG, ID_DEPA, FG_TYPE, DATE_DEBUT, DATE_FIN) VALUES (17, 17, '0', '1970-01-01', '2099-12-31');
INSERT INTO cdg_departement(ID_CDG, ID_DEPA, FG_TYPE, DATE_DEBUT, DATE_FIN) VALUES (18, 18, '0', '1970-01-01', '2099-12-31');
INSERT INTO cdg_departement(ID_CDG, ID_DEPA, FG_TYPE, DATE_DEBUT, DATE_FIN) VALUES (19, 19, '0', '1970-01-01', '2099-12-31');
INSERT INTO cdg_departement(ID_CDG, ID_DEPA, FG_TYPE, DATE_DEBUT, DATE_FIN) VALUES (20, 20, '0', '1970-01-01', '2099-12-31');
INSERT INTO cdg_departement(ID_CDG, ID_DEPA, FG_TYPE, DATE_DEBUT, DATE_FIN) VALUES (21, 21, '0', '1970-01-01', '2099-12-31');
INSERT INTO cdg_departement(ID_CDG, ID_DEPA, FG_TYPE, DATE_DEBUT, DATE_FIN) VALUES (22, 22, '0', '1970-01-01', '2099-12-31');
INSERT INTO cdg_departement(ID_CDG, ID_DEPA, FG_TYPE, DATE_DEBUT, DATE_FIN) VALUES (23, 23, '0', '1970-01-01', '2099-12-31');
INSERT INTO cdg_departement(ID_CDG, ID_DEPA, FG_TYPE, DATE_DEBUT, DATE_FIN) VALUES (24, 24, '0', '1970-01-01', '2099-12-31');
INSERT INTO cdg_departement(ID_CDG, ID_DEPA, FG_TYPE, DATE_DEBUT, DATE_FIN) VALUES (25, 25, '0', '1970-01-01', '2099-12-31');
INSERT INTO cdg_departement(ID_CDG, ID_DEPA, FG_TYPE, DATE_DEBUT, DATE_FIN) VALUES (26, 26, '0', '1970-01-01', '2099-12-31');
INSERT INTO cdg_departement(ID_CDG, ID_DEPA, FG_TYPE, DATE_DEBUT, DATE_FIN) VALUES (27, 27, '0', '1970-01-01', '2099-12-31');
INSERT INTO cdg_departement(ID_CDG, ID_DEPA, FG_TYPE, DATE_DEBUT, DATE_FIN) VALUES (28, 28, '0', '1970-01-01', '2099-12-31');
INSERT INTO cdg_departement(ID_CDG, ID_DEPA, FG_TYPE, DATE_DEBUT, DATE_FIN) VALUES (29, 29, '0', '1970-01-01', '2099-12-31');
INSERT INTO cdg_departement(ID_CDG, ID_DEPA, FG_TYPE, DATE_DEBUT, DATE_FIN) VALUES (30, 30, '0', '1970-01-01', '2099-12-31');
INSERT INTO cdg_departement(ID_CDG, ID_DEPA, FG_TYPE, DATE_DEBUT, DATE_FIN) VALUES (31, 31, '0', '1970-01-01', '2099-12-31');
INSERT INTO cdg_departement(ID_CDG, ID_DEPA, FG_TYPE, DATE_DEBUT, DATE_FIN) VALUES (32, 32, '0', '1970-01-01', '2099-12-31');
INSERT INTO cdg_departement(ID_CDG, ID_DEPA, FG_TYPE, DATE_DEBUT, DATE_FIN) VALUES (33, 33, '0', '1970-01-01', '2099-12-31');
INSERT INTO cdg_departement(ID_CDG, ID_DEPA, FG_TYPE, DATE_DEBUT, DATE_FIN) VALUES (34, 34, '0', '1970-01-01', '2099-12-31');
INSERT INTO cdg_departement(ID_CDG, ID_DEPA, FG_TYPE, DATE_DEBUT, DATE_FIN) VALUES (35, 35, '0', '1970-01-01', '2099-12-31');
INSERT INTO cdg_departement(ID_CDG, ID_DEPA, FG_TYPE, DATE_DEBUT, DATE_FIN) VALUES (36, 36, '0', '1970-01-01', '2099-12-31');
INSERT INTO cdg_departement(ID_CDG, ID_DEPA, FG_TYPE, DATE_DEBUT, DATE_FIN) VALUES (37, 37, '0', '1970-01-01', '2099-12-31');
INSERT INTO cdg_departement(ID_CDG, ID_DEPA, FG_TYPE, DATE_DEBUT, DATE_FIN) VALUES (38, 38, '0', '1970-01-01', '2099-12-31');
INSERT INTO cdg_departement(ID_CDG, ID_DEPA, FG_TYPE, DATE_DEBUT, DATE_FIN) VALUES (39, 39, '0', '1970-01-01', '2099-12-31');
INSERT INTO cdg_departement(ID_CDG, ID_DEPA, FG_TYPE, DATE_DEBUT, DATE_FIN) VALUES (40, 40, '0', '1970-01-01', '2099-12-31');
INSERT INTO cdg_departement(ID_CDG, ID_DEPA, FG_TYPE, DATE_DEBUT, DATE_FIN) VALUES (41, 41, '0', '1970-01-01', '2099-12-31');
INSERT INTO cdg_departement(ID_CDG, ID_DEPA, FG_TYPE, DATE_DEBUT, DATE_FIN) VALUES (42, 42, '0', '1970-01-01', '2099-12-31');
INSERT INTO cdg_departement(ID_CDG, ID_DEPA, FG_TYPE, DATE_DEBUT, DATE_FIN) VALUES (43, 43, '0', '1970-01-01', '2099-12-31');
INSERT INTO cdg_departement(ID_CDG, ID_DEPA, FG_TYPE, DATE_DEBUT, DATE_FIN) VALUES (44, 44, '0', '1970-01-01', '2099-12-31');
INSERT INTO cdg_departement(ID_CDG, ID_DEPA, FG_TYPE, DATE_DEBUT, DATE_FIN) VALUES (45, 45, '0', '1970-01-01', '2099-12-31');
INSERT INTO cdg_departement(ID_CDG, ID_DEPA, FG_TYPE, DATE_DEBUT, DATE_FIN) VALUES (46, 46, '0', '1970-01-01', '2099-12-31');
INSERT INTO cdg_departement(ID_CDG, ID_DEPA, FG_TYPE, DATE_DEBUT, DATE_FIN) VALUES (47, 47, '0', '1970-01-01', '2099-12-31');
INSERT INTO cdg_departement(ID_CDG, ID_DEPA, FG_TYPE, DATE_DEBUT, DATE_FIN) VALUES (48, 48, '0', '1970-01-01', '2099-12-31');
INSERT INTO cdg_departement(ID_CDG, ID_DEPA, FG_TYPE, DATE_DEBUT, DATE_FIN) VALUES (49, 49, '0', '1970-01-01', '2099-12-31');
INSERT INTO cdg_departement(ID_CDG, ID_DEPA, FG_TYPE, DATE_DEBUT, DATE_FIN) VALUES (50, 50, '0', '1970-01-01', '2099-12-31');
INSERT INTO cdg_departement(ID_CDG, ID_DEPA, FG_TYPE, DATE_DEBUT, DATE_FIN) VALUES (51, 51, '0', '1970-01-01', '2099-12-31');
INSERT INTO cdg_departement(ID_CDG, ID_DEPA, FG_TYPE, DATE_DEBUT, DATE_FIN) VALUES (52, 52, '0', '1970-01-01', '2099-12-31');
INSERT INTO cdg_departement(ID_CDG, ID_DEPA, FG_TYPE, DATE_DEBUT, DATE_FIN) VALUES (53, 53, '0', '1970-01-01', '2099-12-31');
INSERT INTO cdg_departement(ID_CDG, ID_DEPA, FG_TYPE, DATE_DEBUT, DATE_FIN) VALUES (54, 54, '0', '1970-01-01', '2099-12-31');
INSERT INTO cdg_departement(ID_CDG, ID_DEPA, FG_TYPE, DATE_DEBUT, DATE_FIN) VALUES (55, 55, '0', '1970-01-01', '2099-12-31');
INSERT INTO cdg_departement(ID_CDG, ID_DEPA, FG_TYPE, DATE_DEBUT, DATE_FIN) VALUES (56, 56, '0', '1970-01-01', '2099-12-31');
INSERT INTO cdg_departement(ID_CDG, ID_DEPA, FG_TYPE, DATE_DEBUT, DATE_FIN) VALUES (57, 57, '0', '1970-01-01', '2099-12-31');
INSERT INTO cdg_departement(ID_CDG, ID_DEPA, FG_TYPE, DATE_DEBUT, DATE_FIN) VALUES (58, 58, '0', '1970-01-01', '2099-12-31');
INSERT INTO cdg_departement(ID_CDG, ID_DEPA, FG_TYPE, DATE_DEBUT, DATE_FIN) VALUES (59, 59, '0', '1970-01-01', '2099-12-31');
INSERT INTO cdg_departement(ID_CDG, ID_DEPA, FG_TYPE, DATE_DEBUT, DATE_FIN) VALUES (60, 60, '0', '1970-01-01', '2099-12-31');
INSERT INTO cdg_departement(ID_CDG, ID_DEPA, FG_TYPE, DATE_DEBUT, DATE_FIN) VALUES (61, 61, '0', '1970-01-01', '2099-12-31');
INSERT INTO cdg_departement(ID_CDG, ID_DEPA, FG_TYPE, DATE_DEBUT, DATE_FIN) VALUES (62, 62, '0', '1970-01-01', '2099-12-31');
INSERT INTO cdg_departement(ID_CDG, ID_DEPA, FG_TYPE, DATE_DEBUT, DATE_FIN) VALUES (63, 63, '0', '1970-01-01', '2099-12-31');
INSERT INTO cdg_departement(ID_CDG, ID_DEPA, FG_TYPE, DATE_DEBUT, DATE_FIN) VALUES (64, 64, '0', '1970-01-01', '2099-12-31');
INSERT INTO cdg_departement(ID_CDG, ID_DEPA, FG_TYPE, DATE_DEBUT, DATE_FIN) VALUES (65, 65, '0', '1970-01-01', '2099-12-31');
INSERT INTO cdg_departement(ID_CDG, ID_DEPA, FG_TYPE, DATE_DEBUT, DATE_FIN) VALUES (66, 66, '0', '1970-01-01', '2099-12-31');
INSERT INTO cdg_departement(ID_CDG, ID_DEPA, FG_TYPE, DATE_DEBUT, DATE_FIN) VALUES (67, 67, '0', '1970-01-01', '2099-12-31');
INSERT INTO cdg_departement(ID_CDG, ID_DEPA, FG_TYPE, DATE_DEBUT, DATE_FIN) VALUES (68, 68, '0', '1970-01-01', '2099-12-31');
INSERT INTO cdg_departement(ID_CDG, ID_DEPA, FG_TYPE, DATE_DEBUT, DATE_FIN) VALUES (69, 69, '0', '1970-01-01', '2099-12-31');
INSERT INTO cdg_departement(ID_CDG, ID_DEPA, FG_TYPE, DATE_DEBUT, DATE_FIN) VALUES (70, 70, '0', '1970-01-01', '2099-12-31');
INSERT INTO cdg_departement(ID_CDG, ID_DEPA, FG_TYPE, DATE_DEBUT, DATE_FIN) VALUES (71, 71, '0', '1970-01-01', '2099-12-31');
INSERT INTO cdg_departement(ID_CDG, ID_DEPA, FG_TYPE, DATE_DEBUT, DATE_FIN) VALUES (72, 72, '0', '1970-01-01', '2099-12-31');
INSERT INTO cdg_departement(ID_CDG, ID_DEPA, FG_TYPE, DATE_DEBUT, DATE_FIN) VALUES (73, 73, '0', '1970-01-01', '2099-12-31');
INSERT INTO cdg_departement(ID_CDG, ID_DEPA, FG_TYPE, DATE_DEBUT, DATE_FIN) VALUES (74, 74, '0', '1970-01-01', '2099-12-31');
INSERT INTO cdg_departement(ID_CDG, ID_DEPA, FG_TYPE, DATE_DEBUT, DATE_FIN) VALUES (75, 75, '0', '1970-01-01', '2099-12-31');
INSERT INTO cdg_departement(ID_CDG, ID_DEPA, FG_TYPE, DATE_DEBUT, DATE_FIN) VALUES (76, 76, '0', '1970-01-01', '2099-12-31');
INSERT INTO cdg_departement(ID_CDG, ID_DEPA, FG_TYPE, DATE_DEBUT, DATE_FIN) VALUES (77, 77, '0', '1970-01-01', '2099-12-31');
INSERT INTO cdg_departement(ID_CDG, ID_DEPA, FG_TYPE, DATE_DEBUT, DATE_FIN) VALUES (90, 78, '0', '1970-01-01', '2099-12-31');
INSERT INTO cdg_departement(ID_CDG, ID_DEPA, FG_TYPE, DATE_DEBUT, DATE_FIN) VALUES (78, 79, '0', '1970-01-01', '2099-12-31');
INSERT INTO cdg_departement(ID_CDG, ID_DEPA, FG_TYPE, DATE_DEBUT, DATE_FIN) VALUES (79, 80, '0', '1970-01-01', '2099-12-31');
INSERT INTO cdg_departement(ID_CDG, ID_DEPA, FG_TYPE, DATE_DEBUT, DATE_FIN) VALUES (80, 81, '0', '1970-01-01', '2099-12-31');
INSERT INTO cdg_departement(ID_CDG, ID_DEPA, FG_TYPE, DATE_DEBUT, DATE_FIN) VALUES (81, 82, '0', '1970-01-01', '2099-12-31');
INSERT INTO cdg_departement(ID_CDG, ID_DEPA, FG_TYPE, DATE_DEBUT, DATE_FIN) VALUES (82, 83, '0', '1970-01-01', '2099-12-31');
INSERT INTO cdg_departement(ID_CDG, ID_DEPA, FG_TYPE, DATE_DEBUT, DATE_FIN) VALUES (83, 84, '0', '1970-01-01', '2099-12-31');
INSERT INTO cdg_departement(ID_CDG, ID_DEPA, FG_TYPE, DATE_DEBUT, DATE_FIN) VALUES (84, 85, '0', '1970-01-01', '2099-12-31');
INSERT INTO cdg_departement(ID_CDG, ID_DEPA, FG_TYPE, DATE_DEBUT, DATE_FIN) VALUES (85, 86, '0', '1970-01-01', '2099-12-31');
INSERT INTO cdg_departement(ID_CDG, ID_DEPA, FG_TYPE, DATE_DEBUT, DATE_FIN) VALUES (86, 87, '0', '1970-01-01', '2099-12-31');
INSERT INTO cdg_departement(ID_CDG, ID_DEPA, FG_TYPE, DATE_DEBUT, DATE_FIN) VALUES (87, 88, '0', '1970-01-01', '2099-12-31');
INSERT INTO cdg_departement(ID_CDG, ID_DEPA, FG_TYPE, DATE_DEBUT, DATE_FIN) VALUES (88, 89, '0', '1970-01-01', '2099-12-31');
INSERT INTO cdg_departement(ID_CDG, ID_DEPA, FG_TYPE, DATE_DEBUT, DATE_FIN) VALUES (89, 90, '0', '1970-01-01', '2099-12-31');
INSERT INTO cdg_departement(ID_CDG, ID_DEPA, FG_TYPE, DATE_DEBUT, DATE_FIN) VALUES (90, 91, '0', '1970-01-01', '2099-12-31');
INSERT INTO cdg_departement(ID_CDG, ID_DEPA, FG_TYPE, DATE_DEBUT, DATE_FIN) VALUES (91, 92, '0', '1970-01-01', '2099-12-31');
INSERT INTO cdg_departement(ID_CDG, ID_DEPA, FG_TYPE, DATE_DEBUT, DATE_FIN) VALUES (91, 93, '0', '1970-01-01', '2099-12-31');
INSERT INTO cdg_departement(ID_CDG, ID_DEPA, FG_TYPE, DATE_DEBUT, DATE_FIN) VALUES (91, 94, '0', '1970-01-01', '2099-12-31');
INSERT INTO cdg_departement(ID_CDG, ID_DEPA, FG_TYPE, DATE_DEBUT, DATE_FIN) VALUES (90, 95, '0', '1970-01-01', '2099-12-31');
INSERT INTO cdg_departement(ID_CDG, ID_DEPA, FG_TYPE, DATE_DEBUT, DATE_FIN) VALUES (92, 96, '0', '1970-01-01', '2099-12-31');
INSERT INTO cdg_departement(ID_CDG, ID_DEPA, FG_TYPE, DATE_DEBUT, DATE_FIN) VALUES (93, 97, '0', '1970-01-01', '2099-12-31');
INSERT INTO cdg_departement(ID_CDG, ID_DEPA, FG_TYPE, DATE_DEBUT, DATE_FIN) VALUES (94, 98, '0', '1970-01-01', '2099-12-31');
INSERT INTO cdg_departement(ID_CDG, ID_DEPA, FG_TYPE, DATE_DEBUT, DATE_FIN) VALUES (95, 99, '0', '1970-01-01', '2099-12-31');
INSERT INTO cdg_departement(ID_CDG, ID_DEPA, FG_TYPE, DATE_DEBUT, DATE_FIN) VALUES (96, 100, '0', '1970-01-01', '2099-12-31');
INSERT INTO cdg_departement(ID_CDG, ID_DEPA, FG_TYPE, DATE_DEBUT, DATE_FIN) VALUES (90, 101, '0', '1970-01-01', '2099-12-31');

/* Création des relations utilisateur_droits */
INSERT INTO utilisateur_droits(FG_DROITS, ID_CDG_DEPARTEMENT, ID_UTILISATEUR_CDG) VALUES(127, 102, 1);
INSERT INTO utilisateur_droits(FG_DROITS, ID_CDG_DEPARTEMENT, ID_UTILISATEUR_CDG) VALUES(127, 103, 2);
INSERT INTO utilisateur_droits(FG_DROITS, ID_CDG_DEPARTEMENT, ID_UTILISATEUR_CDG) VALUES(127, 104, 3);
INSERT INTO utilisateur_droits(FG_DROITS, ID_CDG_DEPARTEMENT, ID_UTILISATEUR_CDG) VALUES(127, 105, 4);
INSERT INTO utilisateur_droits(FG_DROITS, ID_CDG_DEPARTEMENT, ID_UTILISATEUR_CDG) VALUES(127, 106, 5);
INSERT INTO utilisateur_droits(FG_DROITS, ID_CDG_DEPARTEMENT, ID_UTILISATEUR_CDG) VALUES(127, 107, 6);
INSERT INTO utilisateur_droits(FG_DROITS, ID_CDG_DEPARTEMENT, ID_UTILISATEUR_CDG) VALUES(127, 108, 7);
INSERT INTO utilisateur_droits(FG_DROITS, ID_CDG_DEPARTEMENT, ID_UTILISATEUR_CDG) VALUES(127, 109, 8);
INSERT INTO utilisateur_droits(FG_DROITS, ID_CDG_DEPARTEMENT, ID_UTILISATEUR_CDG) VALUES(127, 110, 9);
INSERT INTO utilisateur_droits(FG_DROITS, ID_CDG_DEPARTEMENT, ID_UTILISATEUR_CDG) VALUES(127, 111, 10);
INSERT INTO utilisateur_droits(FG_DROITS, ID_CDG_DEPARTEMENT, ID_UTILISATEUR_CDG) VALUES(127, 112, 11);
INSERT INTO utilisateur_droits(FG_DROITS, ID_CDG_DEPARTEMENT, ID_UTILISATEUR_CDG) VALUES(127, 113, 12);
INSERT INTO utilisateur_droits(FG_DROITS, ID_CDG_DEPARTEMENT, ID_UTILISATEUR_CDG) VALUES(127, 114, 13);
INSERT INTO utilisateur_droits(FG_DROITS, ID_CDG_DEPARTEMENT, ID_UTILISATEUR_CDG) VALUES(127, 115, 14);
INSERT INTO utilisateur_droits(FG_DROITS, ID_CDG_DEPARTEMENT, ID_UTILISATEUR_CDG) VALUES(127, 116, 15);
INSERT INTO utilisateur_droits(FG_DROITS, ID_CDG_DEPARTEMENT, ID_UTILISATEUR_CDG) VALUES(127, 117, 16);
INSERT INTO utilisateur_droits(FG_DROITS, ID_CDG_DEPARTEMENT, ID_UTILISATEUR_CDG) VALUES(127, 118, 17);
INSERT INTO utilisateur_droits(FG_DROITS, ID_CDG_DEPARTEMENT, ID_UTILISATEUR_CDG) VALUES(127, 119, 18);
INSERT INTO utilisateur_droits(FG_DROITS, ID_CDG_DEPARTEMENT, ID_UTILISATEUR_CDG) VALUES(127, 120, 19);
INSERT INTO utilisateur_droits(FG_DROITS, ID_CDG_DEPARTEMENT, ID_UTILISATEUR_CDG) VALUES(127, 121, 20);
INSERT INTO utilisateur_droits(FG_DROITS, ID_CDG_DEPARTEMENT, ID_UTILISATEUR_CDG) VALUES(127, 122, 21);
INSERT INTO utilisateur_droits(FG_DROITS, ID_CDG_DEPARTEMENT, ID_UTILISATEUR_CDG) VALUES(127, 123, 22);
INSERT INTO utilisateur_droits(FG_DROITS, ID_CDG_DEPARTEMENT, ID_UTILISATEUR_CDG) VALUES(127, 124, 23);
INSERT INTO utilisateur_droits(FG_DROITS, ID_CDG_DEPARTEMENT, ID_UTILISATEUR_CDG) VALUES(127, 125, 24);
INSERT INTO utilisateur_droits(FG_DROITS, ID_CDG_DEPARTEMENT, ID_UTILISATEUR_CDG) VALUES(127, 126, 25);
INSERT INTO utilisateur_droits(FG_DROITS, ID_CDG_DEPARTEMENT, ID_UTILISATEUR_CDG) VALUES(127, 127, 26);
INSERT INTO utilisateur_droits(FG_DROITS, ID_CDG_DEPARTEMENT, ID_UTILISATEUR_CDG) VALUES(127, 128, 27);
INSERT INTO utilisateur_droits(FG_DROITS, ID_CDG_DEPARTEMENT, ID_UTILISATEUR_CDG) VALUES(127, 129, 28);
INSERT INTO utilisateur_droits(FG_DROITS, ID_CDG_DEPARTEMENT, ID_UTILISATEUR_CDG) VALUES(127, 130, 29);
INSERT INTO utilisateur_droits(FG_DROITS, ID_CDG_DEPARTEMENT, ID_UTILISATEUR_CDG) VALUES(127, 131, 30);
INSERT INTO utilisateur_droits(FG_DROITS, ID_CDG_DEPARTEMENT, ID_UTILISATEUR_CDG) VALUES(127, 132, 31);
INSERT INTO utilisateur_droits(FG_DROITS, ID_CDG_DEPARTEMENT, ID_UTILISATEUR_CDG) VALUES(127, 133, 32);
INSERT INTO utilisateur_droits(FG_DROITS, ID_CDG_DEPARTEMENT, ID_UTILISATEUR_CDG) VALUES(127, 134, 33);
INSERT INTO utilisateur_droits(FG_DROITS, ID_CDG_DEPARTEMENT, ID_UTILISATEUR_CDG) VALUES(127, 135, 34);
INSERT INTO utilisateur_droits(FG_DROITS, ID_CDG_DEPARTEMENT, ID_UTILISATEUR_CDG) VALUES(127, 136, 35);
INSERT INTO utilisateur_droits(FG_DROITS, ID_CDG_DEPARTEMENT, ID_UTILISATEUR_CDG) VALUES(127, 137, 36);
INSERT INTO utilisateur_droits(FG_DROITS, ID_CDG_DEPARTEMENT, ID_UTILISATEUR_CDG) VALUES(127, 138, 37);
INSERT INTO utilisateur_droits(FG_DROITS, ID_CDG_DEPARTEMENT, ID_UTILISATEUR_CDG) VALUES(127, 139, 38);
INSERT INTO utilisateur_droits(FG_DROITS, ID_CDG_DEPARTEMENT, ID_UTILISATEUR_CDG) VALUES(127, 140, 39);
INSERT INTO utilisateur_droits(FG_DROITS, ID_CDG_DEPARTEMENT, ID_UTILISATEUR_CDG) VALUES(127, 141, 40);
INSERT INTO utilisateur_droits(FG_DROITS, ID_CDG_DEPARTEMENT, ID_UTILISATEUR_CDG) VALUES(127, 142, 41);
INSERT INTO utilisateur_droits(FG_DROITS, ID_CDG_DEPARTEMENT, ID_UTILISATEUR_CDG) VALUES(127, 143, 42);
INSERT INTO utilisateur_droits(FG_DROITS, ID_CDG_DEPARTEMENT, ID_UTILISATEUR_CDG) VALUES(127, 144, 43);
INSERT INTO utilisateur_droits(FG_DROITS, ID_CDG_DEPARTEMENT, ID_UTILISATEUR_CDG) VALUES(127, 145, 44);
INSERT INTO utilisateur_droits(FG_DROITS, ID_CDG_DEPARTEMENT, ID_UTILISATEUR_CDG) VALUES(127, 146, 45);
INSERT INTO utilisateur_droits(FG_DROITS, ID_CDG_DEPARTEMENT, ID_UTILISATEUR_CDG) VALUES(127, 147, 46);
INSERT INTO utilisateur_droits(FG_DROITS, ID_CDG_DEPARTEMENT, ID_UTILISATEUR_CDG) VALUES(127, 148, 47);
INSERT INTO utilisateur_droits(FG_DROITS, ID_CDG_DEPARTEMENT, ID_UTILISATEUR_CDG) VALUES(127, 149, 48);
INSERT INTO utilisateur_droits(FG_DROITS, ID_CDG_DEPARTEMENT, ID_UTILISATEUR_CDG) VALUES(127, 150, 49);
INSERT INTO utilisateur_droits(FG_DROITS, ID_CDG_DEPARTEMENT, ID_UTILISATEUR_CDG) VALUES(127, 151, 50);
INSERT INTO utilisateur_droits(FG_DROITS, ID_CDG_DEPARTEMENT, ID_UTILISATEUR_CDG) VALUES(127, 152, 51);
INSERT INTO utilisateur_droits(FG_DROITS, ID_CDG_DEPARTEMENT, ID_UTILISATEUR_CDG) VALUES(127, 153, 52);
INSERT INTO utilisateur_droits(FG_DROITS, ID_CDG_DEPARTEMENT, ID_UTILISATEUR_CDG) VALUES(127, 154, 53);
INSERT INTO utilisateur_droits(FG_DROITS, ID_CDG_DEPARTEMENT, ID_UTILISATEUR_CDG) VALUES(127, 155, 54);
INSERT INTO utilisateur_droits(FG_DROITS, ID_CDG_DEPARTEMENT, ID_UTILISATEUR_CDG) VALUES(127, 156, 55);
INSERT INTO utilisateur_droits(FG_DROITS, ID_CDG_DEPARTEMENT, ID_UTILISATEUR_CDG) VALUES(127, 157, 56);
INSERT INTO utilisateur_droits(FG_DROITS, ID_CDG_DEPARTEMENT, ID_UTILISATEUR_CDG) VALUES(127, 158, 57);
INSERT INTO utilisateur_droits(FG_DROITS, ID_CDG_DEPARTEMENT, ID_UTILISATEUR_CDG) VALUES(127, 159, 58);
INSERT INTO utilisateur_droits(FG_DROITS, ID_CDG_DEPARTEMENT, ID_UTILISATEUR_CDG) VALUES(127, 160, 59);
INSERT INTO utilisateur_droits(FG_DROITS, ID_CDG_DEPARTEMENT, ID_UTILISATEUR_CDG) VALUES(127, 161, 60);
INSERT INTO utilisateur_droits(FG_DROITS, ID_CDG_DEPARTEMENT, ID_UTILISATEUR_CDG) VALUES(127, 162, 61);
INSERT INTO utilisateur_droits(FG_DROITS, ID_CDG_DEPARTEMENT, ID_UTILISATEUR_CDG) VALUES(127, 163, 62);
INSERT INTO utilisateur_droits(FG_DROITS, ID_CDG_DEPARTEMENT, ID_UTILISATEUR_CDG) VALUES(127, 164, 63);
INSERT INTO utilisateur_droits(FG_DROITS, ID_CDG_DEPARTEMENT, ID_UTILISATEUR_CDG) VALUES(127, 165, 64);
INSERT INTO utilisateur_droits(FG_DROITS, ID_CDG_DEPARTEMENT, ID_UTILISATEUR_CDG) VALUES(127, 166, 65);
INSERT INTO utilisateur_droits(FG_DROITS, ID_CDG_DEPARTEMENT, ID_UTILISATEUR_CDG) VALUES(127, 167, 66);
INSERT INTO utilisateur_droits(FG_DROITS, ID_CDG_DEPARTEMENT, ID_UTILISATEUR_CDG) VALUES(127, 168, 67);
INSERT INTO utilisateur_droits(FG_DROITS, ID_CDG_DEPARTEMENT, ID_UTILISATEUR_CDG) VALUES(127, 169, 68);
INSERT INTO utilisateur_droits(FG_DROITS, ID_CDG_DEPARTEMENT, ID_UTILISATEUR_CDG) VALUES(127, 170, 69);
INSERT INTO utilisateur_droits(FG_DROITS, ID_CDG_DEPARTEMENT, ID_UTILISATEUR_CDG) VALUES(127, 171, 70);
INSERT INTO utilisateur_droits(FG_DROITS, ID_CDG_DEPARTEMENT, ID_UTILISATEUR_CDG) VALUES(127, 172, 71);
INSERT INTO utilisateur_droits(FG_DROITS, ID_CDG_DEPARTEMENT, ID_UTILISATEUR_CDG) VALUES(127, 173, 72);
INSERT INTO utilisateur_droits(FG_DROITS, ID_CDG_DEPARTEMENT, ID_UTILISATEUR_CDG) VALUES(127, 174, 73);
INSERT INTO utilisateur_droits(FG_DROITS, ID_CDG_DEPARTEMENT, ID_UTILISATEUR_CDG) VALUES(127, 175, 74);
INSERT INTO utilisateur_droits(FG_DROITS, ID_CDG_DEPARTEMENT, ID_UTILISATEUR_CDG) VALUES(127, 176, 75);
INSERT INTO utilisateur_droits(FG_DROITS, ID_CDG_DEPARTEMENT, ID_UTILISATEUR_CDG) VALUES(127, 177, 76);
INSERT INTO utilisateur_droits(FG_DROITS, ID_CDG_DEPARTEMENT, ID_UTILISATEUR_CDG) VALUES(127, 178, 77);
INSERT INTO utilisateur_droits(FG_DROITS, ID_CDG_DEPARTEMENT, ID_UTILISATEUR_CDG) VALUES(127, 179, 90);
INSERT INTO utilisateur_droits(FG_DROITS, ID_CDG_DEPARTEMENT, ID_UTILISATEUR_CDG) VALUES(127, 180, 78);
INSERT INTO utilisateur_droits(FG_DROITS, ID_CDG_DEPARTEMENT, ID_UTILISATEUR_CDG) VALUES(127, 181, 79);
INSERT INTO utilisateur_droits(FG_DROITS, ID_CDG_DEPARTEMENT, ID_UTILISATEUR_CDG) VALUES(127, 182, 80);
INSERT INTO utilisateur_droits(FG_DROITS, ID_CDG_DEPARTEMENT, ID_UTILISATEUR_CDG) VALUES(127, 183, 81);
INSERT INTO utilisateur_droits(FG_DROITS, ID_CDG_DEPARTEMENT, ID_UTILISATEUR_CDG) VALUES(127, 184, 82);
INSERT INTO utilisateur_droits(FG_DROITS, ID_CDG_DEPARTEMENT, ID_UTILISATEUR_CDG) VALUES(127, 185, 83);
INSERT INTO utilisateur_droits(FG_DROITS, ID_CDG_DEPARTEMENT, ID_UTILISATEUR_CDG) VALUES(127, 186, 84);
INSERT INTO utilisateur_droits(FG_DROITS, ID_CDG_DEPARTEMENT, ID_UTILISATEUR_CDG) VALUES(127, 187, 85);
INSERT INTO utilisateur_droits(FG_DROITS, ID_CDG_DEPARTEMENT, ID_UTILISATEUR_CDG) VALUES(127, 188, 86);
INSERT INTO utilisateur_droits(FG_DROITS, ID_CDG_DEPARTEMENT, ID_UTILISATEUR_CDG) VALUES(127, 189, 87);
INSERT INTO utilisateur_droits(FG_DROITS, ID_CDG_DEPARTEMENT, ID_UTILISATEUR_CDG) VALUES(127, 190, 88);
INSERT INTO utilisateur_droits(FG_DROITS, ID_CDG_DEPARTEMENT, ID_UTILISATEUR_CDG) VALUES(127, 191, 89);
INSERT INTO utilisateur_droits(FG_DROITS, ID_CDG_DEPARTEMENT, ID_UTILISATEUR_CDG) VALUES(127, 192, 90);
INSERT INTO utilisateur_droits(FG_DROITS, ID_CDG_DEPARTEMENT, ID_UTILISATEUR_CDG) VALUES(127, 193, 91);
INSERT INTO utilisateur_droits(FG_DROITS, ID_CDG_DEPARTEMENT, ID_UTILISATEUR_CDG) VALUES(127, 194, 91);
INSERT INTO utilisateur_droits(FG_DROITS, ID_CDG_DEPARTEMENT, ID_UTILISATEUR_CDG) VALUES(127, 195, 91);
INSERT INTO utilisateur_droits(FG_DROITS, ID_CDG_DEPARTEMENT, ID_UTILISATEUR_CDG) VALUES(127, 196, 90);
INSERT INTO utilisateur_droits(FG_DROITS, ID_CDG_DEPARTEMENT, ID_UTILISATEUR_CDG) VALUES(127, 197, 92);
INSERT INTO utilisateur_droits(FG_DROITS, ID_CDG_DEPARTEMENT, ID_UTILISATEUR_CDG) VALUES(127, 198, 93);
INSERT INTO utilisateur_droits(FG_DROITS, ID_CDG_DEPARTEMENT, ID_UTILISATEUR_CDG) VALUES(127, 199, 94);
INSERT INTO utilisateur_droits(FG_DROITS, ID_CDG_DEPARTEMENT, ID_UTILISATEUR_CDG) VALUES(127, 200, 95);
INSERT INTO utilisateur_droits(FG_DROITS, ID_CDG_DEPARTEMENT, ID_UTILISATEUR_CDG) VALUES(127, 201, 96);
INSERT INTO utilisateur_droits(FG_DROITS, ID_CDG_DEPARTEMENT, ID_UTILISATEUR_CDG) VALUES(127, 202, 90);

