/* Référentiel des catégories */
INSERT INTO ref_categorie (CD_CATE, LB_CATE, BL_VALI,  created_at, CD_UTILCREA, updated_at, CD_UTILMODI, BL_CONS) VALUES ('A', 'A', 0, now(), 'ADMIN', now(), 'ADMIN', 1);
INSERT INTO ref_categorie (CD_CATE, LB_CATE, BL_VALI,  created_at, CD_UTILCREA, updated_at, CD_UTILMODI, BL_CONS) VALUES ('B', 'B', 0, now(), 'ADMIN', now(), 'ADMIN', 1);
INSERT INTO ref_categorie (CD_CATE, LB_CATE, BL_VALI,  created_at, CD_UTILCREA, updated_at, CD_UTILMODI, BL_CONS) VALUES ('C', 'C', 0, now(), 'ADMIN', now(), 'ADMIN', 1);
INSERT INTO ref_categorie (CD_CATE, LB_CATE, BL_VALI,  created_at, CD_UTILCREA, updated_at, CD_UTILMODI, BL_CONS) VALUES ('AOTM', 'Agents et ouvriers territorriaux de Mayotte (AOTM)', 0, now(), 'ADMIN', now(), 'ADMIN', 1);

/* Référentiel des filières */
INSERT INTO ref_filiere (CD_FILI, LB_FILI, BL_VALI, created_at, CD_UTILCREA, updated_at, CD_UTILMODI, BL_CONS, BL_EMPFONC) VALUES ('AD', 'Administrative', 0, now(), 'ADMIN', now(), 'ADMIN', 1, 1);
INSERT INTO ref_filiere (CD_FILI, LB_FILI, BL_VALI, created_at, CD_UTILCREA, updated_at, CD_UTILMODI, BL_CONS, BL_EMPFONC) VALUES ('TE', 'Technique', 0, now(), 'ADMIN', now(), 'ADMIN', 1, 1);
INSERT INTO ref_filiere (CD_FILI, LB_FILI, BL_VALI, created_at, CD_UTILCREA, updated_at, CD_UTILMODI, BL_CONS, BL_EMPFONC) VALUES ('CU', 'Culturelle', 0, now(), 'ADMIN', now(), 'ADMIN', 1, 0);
INSERT INTO ref_filiere (CD_FILI, LB_FILI, BL_VALI, created_at, CD_UTILCREA, updated_at, CD_UTILMODI, BL_CONS, BL_EMPFONC) VALUES ('SP', 'Sportive', 0, now(), 'ADMIN', now(), 'ADMIN', 1, 0);
INSERT INTO ref_filiere (CD_FILI, LB_FILI, BL_VALI, created_at, CD_UTILCREA, updated_at, CD_UTILMODI, BL_CONS, BL_EMPFONC) VALUES ('SO', 'Sociale', 0, now(), 'ADMIN', now(), 'ADMIN', 1, 0);
INSERT INTO ref_filiere (CD_FILI, LB_FILI, BL_VALI, created_at, CD_UTILCREA, updated_at, CD_UTILMODI, BL_CONS, BL_EMPFONC) VALUES ('MS', 'Médico-sociale', 0, now(), 'ADMIN', now(), 'ADMIN', 1, 0);
INSERT INTO ref_filiere (CD_FILI, LB_FILI, BL_VALI, created_at, CD_UTILCREA, updated_at, CD_UTILMODI, BL_CONS, BL_EMPFONC) VALUES ('MT', 'Médico-technique', 0, now(), 'ADMIN', now(), 'ADMIN', 1, 0);
INSERT INTO ref_filiere (CD_FILI, LB_FILI, BL_VALI, created_at, CD_UTILCREA, updated_at, CD_UTILMODI, BL_CONS, BL_EMPFONC) VALUES ('PM', 'Police municipale', 0, now(), 'ADMIN', now(), 'ADMIN', 1, 0);
INSERT INTO ref_filiere (CD_FILI, LB_FILI, BL_VALI, created_at, CD_UTILCREA, updated_at, CD_UTILMODI, BL_CONS, BL_EMPFONC) VALUES ('AN', 'Animation', 0, now(), 'ADMIN', now(), 'ADMIN', 1, 0);
INSERT INTO ref_filiere (CD_FILI, LB_FILI, BL_VALI, created_at, CD_UTILCREA, updated_at, CD_UTILMODI, BL_CONS, BL_EMPFONC) VALUES ('IS', 'Incendie secours', 0, now(), 'ADMIN', now(), 'ADMIN', 1, 0);
INSERT INTO ref_filiere (CD_FILI, LB_FILI, BL_VALI, created_at, CD_UTILCREA, updated_at, CD_UTILMODI, BL_CONS, BL_EMPFONC) VALUES ('AOTM', 'Agents et ouvriers territorriaux de Mayotte (AOTM)', 0, now(), 'ADMIN', now(), 'ADMIN', 1, 0);

/* Référentiel des cadres d'emploi */
INSERT INTO ref_cadre_emploi (ID_CADREMPL, CD_CADREMPL, LB_CADREMPL, BL_VALI, CD_UTILCREA, CD_UTILMODI, ID_FILI, ID_CATE, BL_CONS) VALUES(1, 'CE001', 'Administrateur', 0, 'ADMIN', 'ADMIN', 1, 1, 1);
INSERT INTO ref_cadre_emploi (ID_CADREMPL, CD_CADREMPL, LB_CADREMPL, BL_VALI, CD_UTILCREA, CD_UTILMODI, ID_FILI, ID_CATE, BL_CONS) VALUES(2, 'CE002', 'Attachés', 0, 'ADMIN', 'ADMIN', 1, 1, 1);
INSERT INTO ref_cadre_emploi (ID_CADREMPL, CD_CADREMPL, LB_CADREMPL, BL_VALI, CD_UTILCREA, CD_UTILMODI, ID_FILI, ID_CATE, BL_CONS) VALUES(3, 'CE003', 'Secrétaires de mairie', 0, 'ADMIN', 'ADMIN', 1, 1, 1);
INSERT INTO ref_cadre_emploi (ID_CADREMPL, CD_CADREMPL, LB_CADREMPL, BL_VALI, CD_UTILCREA, CD_UTILMODI, ID_FILI, ID_CATE, BL_CONS) VALUES(4, 'CE004', 'Rédacteurs', 0, 'ADMIN', 'ADMIN', 1, 2, 1);
INSERT INTO ref_cadre_emploi (ID_CADREMPL, CD_CADREMPL, LB_CADREMPL, BL_VALI, CD_UTILCREA, CD_UTILMODI, ID_FILI, ID_CATE, BL_CONS) VALUES(5, 'CE005', 'Adjoints administratifs', 0, 'ADMIN', 'ADMIN', 1, 3, 1);
INSERT INTO ref_cadre_emploi (ID_CADREMPL, CD_CADREMPL, LB_CADREMPL, BL_VALI, CD_UTILCREA, CD_UTILMODI, ID_FILI, ID_CATE, BL_CONS) VALUES(6, 'CE006', 'Ingénieurs en chef', 0, 'ADMIN', 'ADMIN', 2, 1, 1);
INSERT INTO ref_cadre_emploi (ID_CADREMPL, CD_CADREMPL, LB_CADREMPL, BL_VALI, CD_UTILCREA, CD_UTILMODI, ID_FILI, ID_CATE, BL_CONS) VALUES(7, 'CE007', 'Ingénieurs', 0, 'ADMIN', 'ADMIN', 2, 1, 1);
INSERT INTO ref_cadre_emploi (ID_CADREMPL, CD_CADREMPL, LB_CADREMPL, BL_VALI, CD_UTILCREA, CD_UTILMODI, ID_FILI, ID_CATE, BL_CONS) VALUES(8, 'CE008', 'Techniciens', 0, 'ADMIN', 'ADMIN', 2, 2, 1);
INSERT INTO ref_cadre_emploi (ID_CADREMPL, CD_CADREMPL, LB_CADREMPL, BL_VALI, CD_UTILCREA, CD_UTILMODI, ID_FILI, ID_CATE, BL_CONS) VALUES(9, 'CE009', 'Agents de maîtrise', 0, 'ADMIN', 'ADMIN', 2, 3, 1);
INSERT INTO ref_cadre_emploi (ID_CADREMPL, CD_CADREMPL, LB_CADREMPL, BL_VALI, CD_UTILCREA, CD_UTILMODI, ID_FILI, ID_CATE, BL_CONS) VALUES(10, 'CE010', 'Adjoints techniques', 0, 'ADMIN', 'ADMIN', 2, 3, 1);
INSERT INTO ref_cadre_emploi (ID_CADREMPL, CD_CADREMPL, LB_CADREMPL, BL_VALI, CD_UTILCREA, CD_UTILMODI, ID_FILI, ID_CATE, BL_CONS) VALUES(11, 'CE011', 'Adjoints techniques des établissements d''enseignement', 0, 'ADMIN', 'ADMIN', 2, 3, 1);
INSERT INTO ref_cadre_emploi (ID_CADREMPL, CD_CADREMPL, LB_CADREMPL, BL_VALI, CD_UTILCREA, CD_UTILMODI, ID_FILI, ID_CATE, BL_CONS) VALUES(12, 'CE012', 'Conservateurs du patrimoine', 0, 'ADMIN', 'ADMIN', 3, 1, 1);
INSERT INTO ref_cadre_emploi (ID_CADREMPL, CD_CADREMPL, LB_CADREMPL, BL_VALI, CD_UTILCREA, CD_UTILMODI, ID_FILI, ID_CATE, BL_CONS) VALUES(13, 'CE013', 'Conservateurs des bibliothèques', 0, 'ADMIN', 'ADMIN', 3, 1, 1);
INSERT INTO ref_cadre_emploi (ID_CADREMPL, CD_CADREMPL, LB_CADREMPL, BL_VALI, CD_UTILCREA, CD_UTILMODI, ID_FILI, ID_CATE, BL_CONS) VALUES(14, 'CE014', 'Attachés de conservation du patrimoine', 0, 'ADMIN', 'ADMIN', 3, 1, 1);
INSERT INTO ref_cadre_emploi (ID_CADREMPL, CD_CADREMPL, LB_CADREMPL, BL_VALI, CD_UTILCREA, CD_UTILMODI, ID_FILI, ID_CATE, BL_CONS) VALUES(15, 'CE015', 'Bibliothécaire ', 0, 'ADMIN', 'ADMIN', 3, 1, 1);
INSERT INTO ref_cadre_emploi (ID_CADREMPL, CD_CADREMPL, LB_CADREMPL, BL_VALI, CD_UTILCREA, CD_UTILMODI, ID_FILI, ID_CATE, BL_CONS) VALUES(16, 'CE016', 'Directeurs d''établissements d''enseignement artistique', 0, 'ADMIN', 'ADMIN', 3, 1, 1);
INSERT INTO ref_cadre_emploi (ID_CADREMPL, CD_CADREMPL, LB_CADREMPL, BL_VALI, CD_UTILCREA, CD_UTILMODI, ID_FILI, ID_CATE, BL_CONS) VALUES(17, 'CE017', 'Professeur d''enseignement artistique', 0, 'ADMIN', 'ADMIN', 3, 1, 1);
INSERT INTO ref_cadre_emploi (ID_CADREMPL, CD_CADREMPL, LB_CADREMPL, BL_VALI, CD_UTILCREA, CD_UTILMODI, ID_FILI, ID_CATE, BL_CONS) VALUES(18, 'CE018', 'Assistants de conservation du patrimoine et des bibliothèques', 0, 'ADMIN', 'ADMIN', 3, 2, 1);
INSERT INTO ref_cadre_emploi (ID_CADREMPL, CD_CADREMPL, LB_CADREMPL, BL_VALI, CD_UTILCREA, CD_UTILMODI, ID_FILI, ID_CATE, BL_CONS) VALUES(19, 'CE019', 'Assistants d''enseignement artistique', 0, 'ADMIN', 'ADMIN', 3, 2, 1);
INSERT INTO ref_cadre_emploi (ID_CADREMPL, CD_CADREMPL, LB_CADREMPL, BL_VALI, CD_UTILCREA, CD_UTILMODI, ID_FILI, ID_CATE, BL_CONS) VALUES(20, 'CE020', 'Adjoints territoriaux du patrimoine', 0, 'ADMIN', 'ADMIN', 3, 3, 1);
INSERT INTO ref_cadre_emploi (ID_CADREMPL, CD_CADREMPL, LB_CADREMPL, BL_VALI, CD_UTILCREA, CD_UTILMODI, ID_FILI, ID_CATE, BL_CONS) VALUES(21, 'CE021', 'Conseillers des APS', 0, 'ADMIN', 'ADMIN', 4, 1, 1);
INSERT INTO ref_cadre_emploi (ID_CADREMPL, CD_CADREMPL, LB_CADREMPL, BL_VALI, CD_UTILCREA, CD_UTILMODI, ID_FILI, ID_CATE, BL_CONS) VALUES(22, 'CE022', 'Educateurs des APS', 0, 'ADMIN', 'ADMIN', 4, 2, 1);
INSERT INTO ref_cadre_emploi (ID_CADREMPL, CD_CADREMPL, LB_CADREMPL, BL_VALI, CD_UTILCREA, CD_UTILMODI, ID_FILI, ID_CATE, BL_CONS) VALUES(23, 'CE023', 'Opérateurs des APS', 0, 'ADMIN', 'ADMIN', 4, 3, 1);
INSERT INTO ref_cadre_emploi (ID_CADREMPL, CD_CADREMPL, LB_CADREMPL, BL_VALI, CD_UTILCREA, CD_UTILMODI, ID_FILI, ID_CATE, BL_CONS) VALUES(24, 'CE024', 'Conseillers socio-éducatifs', 0, 'ADMIN', 'ADMIN', 5, 1, 1);
INSERT INTO ref_cadre_emploi (ID_CADREMPL, CD_CADREMPL, LB_CADREMPL, BL_VALI, CD_UTILCREA, CD_UTILMODI, ID_FILI, ID_CATE, BL_CONS) VALUES(25, 'CE025', 'Assistants socio-éducatifs', 0, 'ADMIN', 'ADMIN', 5, 2, 1);
INSERT INTO ref_cadre_emploi (ID_CADREMPL, CD_CADREMPL, LB_CADREMPL, BL_VALI, CD_UTILCREA, CD_UTILMODI, ID_FILI, ID_CATE, BL_CONS) VALUES(26, 'CE026', 'Educateurs de jeunes enfants', 0, 'ADMIN', 'ADMIN', 5, 2, 1);
INSERT INTO ref_cadre_emploi (ID_CADREMPL, CD_CADREMPL, LB_CADREMPL, BL_VALI, CD_UTILCREA, CD_UTILMODI, ID_FILI, ID_CATE, BL_CONS) VALUES(27, 'CE027', 'Moniteurs éducateurs et intervenants familiaux', 0, 'ADMIN', 'ADMIN', 5, 2, 1);
INSERT INTO ref_cadre_emploi (ID_CADREMPL, CD_CADREMPL, LB_CADREMPL, BL_VALI, CD_UTILCREA, CD_UTILMODI, ID_FILI, ID_CATE, BL_CONS) VALUES(28, 'CE028', 'ASEM', 0, 'ADMIN', 'ADMIN', 5, 3, 1);
INSERT INTO ref_cadre_emploi (ID_CADREMPL, CD_CADREMPL, LB_CADREMPL, BL_VALI, CD_UTILCREA, CD_UTILMODI, ID_FILI, ID_CATE, BL_CONS) VALUES(29, 'CE029', 'Agents sociaux', 0, 'ADMIN', 'ADMIN', 5, 3, 1);
INSERT INTO ref_cadre_emploi (ID_CADREMPL, CD_CADREMPL, LB_CADREMPL, BL_VALI, CD_UTILCREA, CD_UTILMODI, ID_FILI, ID_CATE, BL_CONS) VALUES(30, 'CE030', 'Médecins', 0, 'ADMIN', 'ADMIN', 6, 1, 1);
INSERT INTO ref_cadre_emploi (ID_CADREMPL, CD_CADREMPL, LB_CADREMPL, BL_VALI, CD_UTILCREA, CD_UTILMODI, ID_FILI, ID_CATE, BL_CONS) VALUES(31, 'CE031', 'Psychologues', 0, 'ADMIN', 'ADMIN', 6, 1, 1);
INSERT INTO ref_cadre_emploi (ID_CADREMPL, CD_CADREMPL, LB_CADREMPL, BL_VALI, CD_UTILCREA, CD_UTILMODI, ID_FILI, ID_CATE, BL_CONS) VALUES(32, 'CE032', 'Sages-femmes', 0, 'ADMIN', 'ADMIN', 6, 1, 1);
INSERT INTO ref_cadre_emploi (ID_CADREMPL, CD_CADREMPL, LB_CADREMPL, BL_VALI, CD_UTILCREA, CD_UTILMODI, ID_FILI, ID_CATE, BL_CONS) VALUES(33, 'CE033', 'Cadres de santé paramédicaux', 0, 'ADMIN', 'ADMIN', 6, 1, 1);
INSERT INTO ref_cadre_emploi (ID_CADREMPL, CD_CADREMPL, LB_CADREMPL, BL_VALI, CD_UTILCREA, CD_UTILMODI, ID_FILI, ID_CATE, BL_CONS) VALUES(34, 'CE034', 'Puéricultrices-Cadres de santé', 0, 'ADMIN', 'ADMIN', 6, 1, 1);
INSERT INTO ref_cadre_emploi (ID_CADREMPL, CD_CADREMPL, LB_CADREMPL, BL_VALI, CD_UTILCREA, CD_UTILMODI, ID_FILI, ID_CATE, BL_CONS) VALUES(35, 'CE035', 'Puéricultrices (décret n° 92-859 du 28 août 1992 modifié)', 0, 'ADMIN', 'ADMIN', 6, 1, 1);
INSERT INTO ref_cadre_emploi (ID_CADREMPL, CD_CADREMPL, LB_CADREMPL, BL_VALI, CD_UTILCREA, CD_UTILMODI, ID_FILI, ID_CATE, BL_CONS) VALUES(36, 'CE036', 'Puéricultrices (décret n° 2014-923  du 18 août 2014)', 0, 'ADMIN', 'ADMIN', 6, 1, 1);
INSERT INTO ref_cadre_emploi (ID_CADREMPL, CD_CADREMPL, LB_CADREMPL, BL_VALI, CD_UTILCREA, CD_UTILMODI, ID_FILI, ID_CATE, BL_CONS) VALUES(37, 'CE037', 'Cadres de santé infirmiers, rééducateurs et assistants médico-techniques', 0, 'ADMIN', 'ADMIN', 6, 1, 1);
INSERT INTO ref_cadre_emploi (ID_CADREMPL, CD_CADREMPL, LB_CADREMPL, BL_VALI, CD_UTILCREA, CD_UTILMODI, ID_FILI, ID_CATE, BL_CONS) VALUES(38, 'CE038', 'Infirmiers en soins généraux', 0, 'ADMIN', 'ADMIN', 6, 1, 1);
INSERT INTO ref_cadre_emploi (ID_CADREMPL, CD_CADREMPL, LB_CADREMPL, BL_VALI, CD_UTILCREA, CD_UTILMODI, ID_FILI, ID_CATE, BL_CONS) VALUES(39, 'CE039', 'Infirmiers', 0, 'ADMIN', 'ADMIN', 6, 2, 1);
INSERT INTO ref_cadre_emploi (ID_CADREMPL, CD_CADREMPL, LB_CADREMPL, BL_VALI, CD_UTILCREA, CD_UTILMODI, ID_FILI, ID_CATE, BL_CONS) VALUES(40, 'CE040', 'Auxiliaires de puériculture', 0, 'ADMIN', 'ADMIN', 6, 3, 1);
INSERT INTO ref_cadre_emploi (ID_CADREMPL, CD_CADREMPL, LB_CADREMPL, BL_VALI, CD_UTILCREA, CD_UTILMODI, ID_FILI, ID_CATE, BL_CONS) VALUES(41, 'CE041', 'Auxiliaires de soins', 0, 'ADMIN', 'ADMIN', 6, 3, 1);
INSERT INTO ref_cadre_emploi (ID_CADREMPL, CD_CADREMPL, LB_CADREMPL, BL_VALI, CD_UTILCREA, CD_UTILMODI, ID_FILI, ID_CATE, BL_CONS) VALUES(42, 'CE042', 'Biologistes, vétérinaires, pharmaciens', 0, 'ADMIN', 'ADMIN', 7, 1, 1);
INSERT INTO ref_cadre_emploi (ID_CADREMPL, CD_CADREMPL, LB_CADREMPL, BL_VALI, CD_UTILCREA, CD_UTILMODI, ID_FILI, ID_CATE, BL_CONS) VALUES(43, 'CE043', 'Techniciens', 0, 'ADMIN', 'ADMIN', 7, 2, 1);
INSERT INTO ref_cadre_emploi (ID_CADREMPL, CD_CADREMPL, LB_CADREMPL, BL_VALI, CD_UTILCREA, CD_UTILMODI, ID_FILI, ID_CATE, BL_CONS) VALUES(44, 'CE044', 'Directeur de police municipale', 0, 'ADMIN', 'ADMIN', 8, 1, 1);
INSERT INTO ref_cadre_emploi (ID_CADREMPL, CD_CADREMPL, LB_CADREMPL, BL_VALI, CD_UTILCREA, CD_UTILMODI, ID_FILI, ID_CATE, BL_CONS) VALUES(45, 'CE045', 'Chef de service de police municipale', 0, 'ADMIN', 'ADMIN', 8, 2, 1);
INSERT INTO ref_cadre_emploi (ID_CADREMPL, CD_CADREMPL, LB_CADREMPL, BL_VALI, CD_UTILCREA, CD_UTILMODI, ID_FILI, ID_CATE, BL_CONS) VALUES(46, 'CE046', 'Agents de police municipale', 0, 'ADMIN', 'ADMIN', 8, 3, 1);
INSERT INTO ref_cadre_emploi (ID_CADREMPL, CD_CADREMPL, LB_CADREMPL, BL_VALI, CD_UTILCREA, CD_UTILMODI, ID_FILI, ID_CATE, BL_CONS) VALUES(47, 'CE047', 'Gardes-champêtres', 0, 'ADMIN', 'ADMIN', 8, 3, 1);
INSERT INTO ref_cadre_emploi (ID_CADREMPL, CD_CADREMPL, LB_CADREMPL, BL_VALI, CD_UTILCREA, CD_UTILMODI, ID_FILI, ID_CATE, BL_CONS) VALUES(48, 'CE048', 'Contrôleurs, colonels', 0, 'ADMIN', 'ADMIN', 10, 1, 1);
INSERT INTO ref_cadre_emploi (ID_CADREMPL, CD_CADREMPL, LB_CADREMPL, BL_VALI, CD_UTILCREA, CD_UTILMODI, ID_FILI, ID_CATE, BL_CONS) VALUES(49, 'CE049', 'Capitaines, commandants, lieutenants-colonels', 0, 'ADMIN', 'ADMIN', 10, 1, 1);
INSERT INTO ref_cadre_emploi (ID_CADREMPL, CD_CADREMPL, LB_CADREMPL, BL_VALI, CD_UTILCREA, CD_UTILMODI, ID_FILI, ID_CATE, BL_CONS) VALUES(50, 'CE050', 'Médecins, pharmaciens', 0, 'ADMIN', 'ADMIN', 10, 1, 1);
INSERT INTO ref_cadre_emploi (ID_CADREMPL, CD_CADREMPL, LB_CADREMPL, BL_VALI, CD_UTILCREA, CD_UTILMODI, ID_FILI, ID_CATE, BL_CONS) VALUES(51, 'CE051', 'Lieutenants', 0, 'ADMIN', 'ADMIN', 10, 2, 1);
INSERT INTO ref_cadre_emploi (ID_CADREMPL, CD_CADREMPL, LB_CADREMPL, BL_VALI, CD_UTILCREA, CD_UTILMODI, ID_FILI, ID_CATE, BL_CONS) VALUES(52, 'CE052', 'Cadre de santé des sapeurs pompiers professionnels', 0, 'ADMIN', 'ADMIN', 10, 2, 1);
INSERT INTO ref_cadre_emploi (ID_CADREMPL, CD_CADREMPL, LB_CADREMPL, BL_VALI, CD_UTILCREA, CD_UTILMODI, ID_FILI, ID_CATE, BL_CONS) VALUES(53, 'CE053', 'Infirmiers des sapeurs pompiers professionnels', 0, 'ADMIN', 'ADMIN', 10, 2, 1);
INSERT INTO ref_cadre_emploi (ID_CADREMPL, CD_CADREMPL, LB_CADREMPL, BL_VALI, CD_UTILCREA, CD_UTILMODI, ID_FILI, ID_CATE, BL_CONS) VALUES(54, 'CE054', 'Sous-officiers des sapeurs pompiers professionnels', 0, 'ADMIN', 'ADMIN', 10, 3, 1);
INSERT INTO ref_cadre_emploi (ID_CADREMPL, CD_CADREMPL, LB_CADREMPL, BL_VALI, CD_UTILCREA, CD_UTILMODI, ID_FILI, ID_CATE, BL_CONS) VALUES(55, 'CE055', 'Sapeurs et caporaux des sapeurs pompiers professionnels', 0, 'ADMIN', 'ADMIN', 10, 3, 1);
INSERT INTO ref_cadre_emploi (ID_CADREMPL, CD_CADREMPL, LB_CADREMPL, BL_VALI, CD_UTILCREA, CD_UTILMODI, ID_FILI, ID_CATE, BL_CONS) VALUES(56, 'CE056', 'Animateurs', 0, 'ADMIN', 'ADMIN', 9, 2, 1);
INSERT INTO ref_cadre_emploi (ID_CADREMPL, CD_CADREMPL, LB_CADREMPL, BL_VALI, CD_UTILCREA, CD_UTILMODI, ID_FILI, ID_CATE, BL_CONS) VALUES(57, 'CE057', 'Adjoints territoriaux d''animation', 0, 'ADMIN', 'ADMIN', 9, 3, 1);
INSERT INTO ref_cadre_emploi (ID_CADREMPL, CD_CADREMPL, LB_CADREMPL, BL_VALI, CD_UTILCREA, CD_UTILMODI, ID_FILI, ID_CATE, BL_CONS) VALUES(58, 'CE058', 'Agents et ouvriers territorriaux de Mayotte (AOTM)', 0, 'ADMIN', 'ADMIN', 11, 4, 1);

/* Référentiel des grades */
INSERT INTO ref_grade (ID_GRAD, CD_GRAD, LB_GRAD, BL_DETA, BL_VALI, created_at, CD_UTILCREA, updated_at, CD_UTILMODI, ID_CADREMPL, BL_CONS, CD_MOTI_N4DS) VALUES (1, 'G001', 'Administrateur général', 1, 0, now(), 'ADMIN', now(), 'ADMIN', 1, 1, 'BAD3-EAD3-HAD3-MAD3-TAD3');
INSERT INTO ref_grade (ID_GRAD, CD_GRAD, LB_GRAD, BL_DETA, BL_VALI, created_at, CD_UTILCREA, updated_at, CD_UTILMODI, ID_CADREMPL, BL_CONS, CD_MOTI_N4DS) VALUES (2, 'G002', 'Administrateur hors classe', 1, 0, now(), 'ADMIN', now(), 'ADMIN', 1, 1, 'BAD2-EAD2-HAD2-MAD2-TAD2');
INSERT INTO ref_grade (ID_GRAD, CD_GRAD, LB_GRAD, BL_DETA, BL_VALI, created_at, CD_UTILCREA, updated_at, CD_UTILMODI, ID_CADREMPL, BL_CONS, CD_MOTI_N4DS) VALUES (3, 'G003', 'Administrateur', 1, 0, now(), 'ADMIN', now(), 'ADMIN', 1, 1, 'BAD1-BAW4-BAX4-EAD1-EAX4-EAY4-HAD1-HAX4-HAY4-MAD1-MAX4-MAY4-SAD1-TAD1-TAX4-TAY4');
INSERT INTO ref_grade (ID_GRAD, CD_GRAD, LB_GRAD, BL_DETA, BL_VALI, created_at, CD_UTILCREA, updated_at, CD_UTILMODI, ID_CADREMPL, BL_CONS, CD_MOTI_N4DS) VALUES (3, 'G003S', 'Administrateur stagiaire', 1, 0, now(), 'ADMIN', now(), 'ADMIN', 1, 1, 'SAD1');
INSERT INTO ref_grade (ID_GRAD, CD_GRAD, LB_GRAD, BL_DETA, BL_VALI, created_at, CD_UTILCREA, updated_at, CD_UTILMODI, ID_CADREMPL, BL_CONS, CD_MOTI_N4DS) VALUES (4, 'G004', 'Attaché hors classe', 1, 0, now(), 'ADMIN', now(), 'ADMIN', 2, 1, '');
INSERT INTO ref_grade (ID_GRAD, CD_GRAD, LB_GRAD, BL_DETA, BL_VALI, created_at, CD_UTILCREA, updated_at, CD_UTILMODI, ID_CADREMPL, BL_CONS, CD_MOTI_N4DS) VALUES (5, 'G005', 'Directeur territorial', 1, 0, now(), 'ADMIN', now(), 'ADMIN', 2, 1, 'BAT3-EAT3-HAT3-MAT3-TAT3');
INSERT INTO ref_grade (ID_GRAD, CD_GRAD, LB_GRAD, BL_DETA, BL_VALI, created_at, CD_UTILCREA, updated_at, CD_UTILMODI, ID_CADREMPL, BL_CONS, CD_MOTI_N4DS) VALUES (6, 'G006', 'Attaché principal ', 1, 0, now(), 'ADMIN', now(), 'ADMIN', 2, 1, 'BAT2-EAT2-HAT2-MAT2-TAT2');
INSERT INTO ref_grade (ID_GRAD, CD_GRAD, LB_GRAD, BL_DETA, BL_VALI, created_at, CD_UTILCREA, updated_at, CD_UTILMODI, ID_CADREMPL, BL_CONS, CD_MOTI_N4DS) VALUES (7, 'G007', 'Attaché', 1, 0, now(), 'ADMIN', now(), 'ADMIN', 2, 1, 'BAT1-BAW3-BAX3-EAT1-EAX3-EAY3-HAT1-HAX3-HAY3-MAT1-MAX3-MAY3-TAT1-TAX3-TAY3');
INSERT INTO ref_grade (ID_GRAD, CD_GRAD, LB_GRAD, BL_DETA, BL_VALI, created_at, CD_UTILCREA, updated_at, CD_UTILMODI, ID_CADREMPL, BL_CONS, CD_MOTI_N4DS) VALUES (8, 'G008', 'Attaché stagiaire', 1, 0, now(), 'ADMIN', now(), 'ADMIN', 2, 1, 'SAT1');
INSERT INTO ref_grade (ID_GRAD, CD_GRAD, LB_GRAD, BL_DETA, BL_VALI, created_at, CD_UTILCREA, updated_at, CD_UTILMODI, ID_CADREMPL, BL_CONS, CD_MOTI_N4DS) VALUES (9, 'G009', 'Secrétaire de mairie', 1, 0, now(), 'ADMIN', now(), 'ADMIN', 3, 1, 'BAS1-EAS1-HAS1-MAS1-TAS1');
INSERT INTO ref_grade (ID_GRAD, CD_GRAD, LB_GRAD, BL_DETA, BL_VALI, created_at, CD_UTILCREA, updated_at, CD_UTILMODI, ID_CADREMPL, BL_CONS, CD_MOTI_N4DS) VALUES (10, 'G010', 'Rédacteur principal de 1ère classe', 1, 0, now(), 'ADMIN', now(), 'ADMIN', 4, 1, '37681-MAR3-BAR3-EAR3-HAR3-TAR3');
INSERT INTO ref_grade (ID_GRAD, CD_GRAD, LB_GRAD, BL_DETA, BL_VALI, created_at, CD_UTILCREA, updated_at, CD_UTILMODI, ID_CADREMPL, BL_CONS, CD_MOTI_N4DS) VALUES (11, 'G011', 'Rédacteur principal de 2ème classe', 1, 0, now(), 'ADMIN', now(), 'ADMIN', 4, 1, '37316-MAR2-BAR2-EAR2-HAR2-TAR2');
INSERT INTO ref_grade (ID_GRAD, CD_GRAD, LB_GRAD, BL_DETA, BL_VALI, created_at, CD_UTILCREA, updated_at, CD_UTILMODI, ID_CADREMPL, BL_CONS, CD_MOTI_N4DS) VALUES (12, 'G012', 'Rédacteur principal de 2ème classe stagiaire', 1, 0, now(), 'ADMIN', now(), 'ADMIN', 4, 1, 'SAR2');
INSERT INTO ref_grade (ID_GRAD, CD_GRAD, LB_GRAD, BL_DETA, BL_VALI, created_at, CD_UTILCREA, updated_at, CD_UTILMODI, ID_CADREMPL, BL_CONS, CD_MOTI_N4DS) VALUES (13, 'G013', 'Rédacteur', 1, 0, now(), 'ADMIN', now(), 'ADMIN', 4, 1, '36951-MAR1-BAR1-BAW2-BAX2-EAR1-EAX2-EAY2-HAR1-HAX2-HAY2-MAX2-MAY2-TAR1-TAX2-TAY2');
INSERT INTO ref_grade (ID_GRAD, CD_GRAD, LB_GRAD, BL_DETA, BL_VALI, created_at, CD_UTILCREA, updated_at, CD_UTILMODI, ID_CADREMPL, BL_CONS, CD_MOTI_N4DS) VALUES (14, 'G014', 'Rédacteur stagiaire', 1, 0, now(), 'ADMIN', now(), 'ADMIN', 4, 1, 'SAR1');
INSERT INTO ref_grade (ID_GRAD, CD_GRAD, LB_GRAD, BL_DETA, BL_VALI, created_at, CD_UTILCREA, updated_at, CD_UTILMODI, ID_CADREMPL, BL_CONS, CD_MOTI_N4DS) VALUES (15, 'G015', 'Adjoint administratif principal de 1ère classe', 1, 0, now(), 'ADMIN', now(), 'ADMIN', 5, 1, 'BAJ4-EAJ4-HAJ4-MAJ4-TAJ4');
INSERT INTO ref_grade (ID_GRAD, CD_GRAD, LB_GRAD, BL_DETA, BL_VALI, created_at, CD_UTILCREA, updated_at, CD_UTILMODI, ID_CADREMPL, BL_CONS, CD_MOTI_N4DS) VALUES (16, 'G016', 'Adjoint administratif principal de 2ème classe', 1, 0, now(), 'ADMIN', now(), 'ADMIN', 5, 1, 'BAJ3-EAJ3-HAJ3-MAJ3-TAJ3');
INSERT INTO ref_grade (ID_GRAD, CD_GRAD, LB_GRAD, BL_DETA, BL_VALI, created_at, CD_UTILCREA, updated_at, CD_UTILMODI, ID_CADREMPL, BL_CONS, CD_MOTI_N4DS) VALUES (17, 'G017', 'Adjoint administratif principal de 2ème classe stagiaire', 1, 0, now(), 'ADMIN', now(), 'ADMIN', 5, 1, '');
INSERT INTO ref_grade (ID_GRAD, CD_GRAD, LB_GRAD, BL_DETA, BL_VALI, created_at, CD_UTILCREA, updated_at, CD_UTILMODI, ID_CADREMPL, BL_CONS, CD_MOTI_N4DS) VALUES (18, 'G018', 'Adjoint administratif', 1, 0, now(), 'ADMIN', now(), 'ADMIN', 5, 1, 'BAJ1-BAJ2-BAW1-BAX1-EAJ1-EAJ2-EAX1-EAY1-HAJ1-HAJ2-HAX1-HAY1-MAJ1-MAJ2-MAX1-MAY1-TAJ1-TAJ2-TAX1-TAY1');
INSERT INTO ref_grade (ID_GRAD, CD_GRAD, LB_GRAD, BL_DETA, BL_VALI, created_at, CD_UTILCREA, updated_at, CD_UTILMODI, ID_CADREMPL, BL_CONS, CD_MOTI_N4DS) VALUES (19, 'G019', 'Adjoint administratif stagiaire', 1, 0, now(), 'ADMIN', now(), 'ADMIN', 5, 1, 'SAJ1-SAJ2');
INSERT INTO ref_grade (ID_GRAD, CD_GRAD, LB_GRAD, BL_DETA, BL_VALI, created_at, CD_UTILCREA, updated_at, CD_UTILMODI, ID_CADREMPL, BL_CONS, CD_MOTI_N4DS) VALUES (20, 'G020', 'Ingénieur général', 1, 0, now(), 'ADMIN', now(), 'ADMIN', 6, 1, 'BTN3-ETN3-HTN3-MTN3-TTN3');
INSERT INTO ref_grade (ID_GRAD, CD_GRAD, LB_GRAD, BL_DETA, BL_VALI, created_at, CD_UTILCREA, updated_at, CD_UTILMODI, ID_CADREMPL, BL_CONS, CD_MOTI_N4DS) VALUES (21, 'G021', 'Ingénieur en chef hors classe', 1, 0, now(), 'ADMIN', now(), 'ADMIN', 6, 1, 'BTN2-ETN2-HTN2-MTN2-TTN2-BTG4-ETG4-HTG4-MTG4-TTG4');
INSERT INTO ref_grade (ID_GRAD, CD_GRAD, LB_GRAD, BL_DETA, BL_VALI, created_at, CD_UTILCREA, updated_at, CD_UTILMODI, ID_CADREMPL, BL_CONS, CD_MOTI_N4DS) VALUES (22, 'G022', 'Ingénieur en chef', 1, 0, now(), 'ADMIN', now(), 'ADMIN', 6, 1, 'BTN1-ETN1-HTN1-MTN1-TTN1-BTG3-BTW4-BTX4-ETG3-ETX4-ETY4-HTG3-HTX4-HTY4-MTG3-MTX4-MTY4-TTG3-TTX4-TTY4');
INSERT INTO ref_grade (ID_GRAD, CD_GRAD, LB_GRAD, BL_DETA, BL_VALI, created_at, CD_UTILCREA, updated_at, CD_UTILMODI, ID_CADREMPL, BL_CONS, CD_MOTI_N4DS) VALUES (23, 'G023', 'Ingénieur en chef stagiaire', 1, 0, now(), 'ADMIN', now(), 'ADMIN', 6, 1, 'STN1-STG2');
INSERT INTO ref_grade (ID_GRAD, CD_GRAD, LB_GRAD, BL_DETA, BL_VALI, created_at, CD_UTILCREA, updated_at, CD_UTILMODI, ID_CADREMPL, BL_CONS, CD_MOTI_N4DS) VALUES (24, 'G024', 'Ingénieur hors classe', 1, 0, now(), 'ADMIN', now(), 'ADMIN', 7, 1, 'BTP3-ETP3-HTP3-MTP3-TTP3');
INSERT INTO ref_grade (ID_GRAD, CD_GRAD, LB_GRAD, BL_DETA, BL_VALI, created_at, CD_UTILCREA, updated_at, CD_UTILMODI, ID_CADREMPL, BL_CONS, CD_MOTI_N4DS) VALUES (25, 'G025', 'Ingénieur principal', 1, 0, now(), 'ADMIN', now(), 'ADMIN', 7, 1, 'BTP2-ETP2-HTP2-MTP2-TTP2-BTG2-ETG2-HTG2-MTG2-TTG2');
INSERT INTO ref_grade (ID_GRAD, CD_GRAD, LB_GRAD, BL_DETA, BL_VALI, created_at, CD_UTILCREA, updated_at, CD_UTILMODI, ID_CADREMPL, BL_CONS, CD_MOTI_N4DS) VALUES (26, 'G026', 'Ingénieur ', 1, 0, now(), 'ADMIN', now(), 'ADMIN', 7, 1, 'BTP1-ETP1-HTP1-MTP1-TTP1-BTG1-BTW3-BTX3-ETG1-ETX3-ETY3-HTG1-HTX3-HTY3-MTG1-MTX3-MTY3-TTG1-TTX3-TTY3');
INSERT INTO ref_grade (ID_GRAD, CD_GRAD, LB_GRAD, BL_DETA, BL_VALI, created_at, CD_UTILCREA, updated_at, CD_UTILMODI, ID_CADREMPL, BL_CONS, CD_MOTI_N4DS) VALUES (27, 'G027', 'Ingénieur stagiaire', 1, 0, now(), 'ADMIN', now(), 'ADMIN', 7, 1, 'STP1-STG1');
INSERT INTO ref_grade (ID_GRAD, CD_GRAD, LB_GRAD, BL_DETA, BL_VALI, created_at, CD_UTILCREA, updated_at, CD_UTILMODI, ID_CADREMPL, BL_CONS, CD_MOTI_N4DS) VALUES (28, 'G028', 'Technicien principal de 1ère classe', 1, 0, now(), 'ADMIN', now(), 'ADMIN', 2, 1, 'BTT3-ETT3-HTT3-MTT3-TTT3');
INSERT INTO ref_grade (ID_GRAD, CD_GRAD, LB_GRAD, BL_DETA, BL_VALI, created_at, CD_UTILCREA, updated_at, CD_UTILMODI, ID_CADREMPL, BL_CONS, CD_MOTI_N4DS) VALUES (29, 'G029', 'Technicien principal de 2ème classe', 1, 0, now(), 'ADMIN', now(), 'ADMIN', 2, 1, 'BTT2-ETT2-HTT2-MTT2-TTT2');
INSERT INTO ref_grade (ID_GRAD, CD_GRAD, LB_GRAD, BL_DETA, BL_VALI, created_at, CD_UTILCREA, updated_at, CD_UTILMODI, ID_CADREMPL, BL_CONS, CD_MOTI_N4DS) VALUES (30, 'G030', 'Technicien principal de 2ème classe stagiaire', 1, 0, now(), 'ADMIN', now(), 'ADMIN', 2, 1, 'STT2');
INSERT INTO ref_grade (ID_GRAD, CD_GRAD, LB_GRAD, BL_DETA, BL_VALI, created_at, CD_UTILCREA, updated_at, CD_UTILMODI, ID_CADREMPL, BL_CONS, CD_MOTI_N4DS) VALUES (31, 'G031', 'Technicien ', 1, 0, now(), 'ADMIN', now(), 'ADMIN', 2, 1, 'BTT1-BTW2-BTX2-ETT1-ETX2-ETY2-HTT1-HTX2-HTY2-MTT1-MTX2-MTY2-TTT1-TTX2-TTY2');
INSERT INTO ref_grade (ID_GRAD, CD_GRAD, LB_GRAD, BL_DETA, BL_VALI, created_at, CD_UTILCREA, updated_at, CD_UTILMODI, ID_CADREMPL, BL_CONS, CD_MOTI_N4DS) VALUES (32, 'G032', 'Technicien stagiaire', 1, 0, now(), 'ADMIN', now(), 'ADMIN', 2, 1, 'STT1');
INSERT INTO ref_grade (ID_GRAD, CD_GRAD, LB_GRAD, BL_DETA, BL_VALI, created_at, CD_UTILCREA, updated_at, CD_UTILMODI, ID_CADREMPL, BL_CONS, CD_MOTI_N4DS) VALUES (33, 'G033', 'Agent de maîtrise principal', 1, 0, now(), 'ADMIN', now(), 'ADMIN', 9, 1, 'BTM2-ETM2-HTM2-MTM2-TTM2');
INSERT INTO ref_grade (ID_GRAD, CD_GRAD, LB_GRAD, BL_DETA, BL_VALI, created_at, CD_UTILCREA, updated_at, CD_UTILMODI, ID_CADREMPL, BL_CONS, CD_MOTI_N4DS) VALUES (34, 'G034', 'Agent de maîtrise', 1, 0, now(), 'ADMIN', now(), 'ADMIN', 9, 1, 'BTM1-ETM1-HTM1-MTM1-TTM1');
INSERT INTO ref_grade (ID_GRAD, CD_GRAD, LB_GRAD, BL_DETA, BL_VALI, created_at, CD_UTILCREA, updated_at, CD_UTILMODI, ID_CADREMPL, BL_CONS, CD_MOTI_N4DS) VALUES (35, 'G035', 'Agent de maîtrise stagiaire', 1, 0, now(), 'ADMIN', now(), 'ADMIN', 9, 1, 'STM1');
INSERT INTO ref_grade (ID_GRAD, CD_GRAD, LB_GRAD, BL_DETA, BL_VALI, created_at, CD_UTILCREA, updated_at, CD_UTILMODI, ID_CADREMPL, BL_CONS, CD_MOTI_N4DS) VALUES (36, 'G036', 'Adjoint technique principal de 1ère classe', 1, 0, now(), 'ADMIN', now(), 'ADMIN', 10, 1, 'BTH4-ETH4-HTH4-MTH4-TTH4');
INSERT INTO ref_grade (ID_GRAD, CD_GRAD, LB_GRAD, BL_DETA, BL_VALI, created_at, CD_UTILCREA, updated_at, CD_UTILMODI, ID_CADREMPL, BL_CONS, CD_MOTI_N4DS) VALUES (37, 'G037', 'Adjoint technique principal de 2ème classe', 1, 0, now(), 'ADMIN', now(), 'ADMIN', 10, 1, 'BTH3-ETH3-HTH3-MTH3-TTH3');
INSERT INTO ref_grade (ID_GRAD, CD_GRAD, LB_GRAD, BL_DETA, BL_VALI, created_at, CD_UTILCREA, updated_at, CD_UTILMODI, ID_CADREMPL, BL_CONS, CD_MOTI_N4DS) VALUES (38, 'G038', 'Adjoint technique principal de 2ème classe stagiaire', 1, 0, now(), 'ADMIN', now(), 'ADMIN', 10, 1, '');
INSERT INTO ref_grade (ID_GRAD, CD_GRAD, LB_GRAD, BL_DETA, BL_VALI, created_at, CD_UTILCREA, updated_at, CD_UTILMODI, ID_CADREMPL, BL_CONS, CD_MOTI_N4DS) VALUES (39, 'G039', 'Adjoint technique', 1, 0, now(), 'ADMIN', now(), 'ADMIN', 10, 1, 'BTH1-BTH2-BTW1-BTX1-ETH1-ETH2-ETX1-ETY1-HTH1-HTH2-HTX1-HTY1-MTH1-MTH2-MTX1-MTY1-TTH1-TTH2-TTX1-TTY1');
INSERT INTO ref_grade (ID_GRAD, CD_GRAD, LB_GRAD, BL_DETA, BL_VALI, created_at, CD_UTILCREA, updated_at, CD_UTILMODI, ID_CADREMPL, BL_CONS, CD_MOTI_N4DS) VALUES (40, 'G040', 'Adjoint technique stagiaire', 1, 0, now(), 'ADMIN', now(), 'ADMIN', 10, 1, 'STH1-STH2');
INSERT INTO ref_grade (ID_GRAD, CD_GRAD, LB_GRAD, BL_DETA, BL_VALI, created_at, CD_UTILCREA, updated_at, CD_UTILMODI, ID_CADREMPL, BL_CONS, CD_MOTI_N4DS) VALUES (41, 'G041', 'Adjoint technique des établissements d''enseignement principal de 1ère classe', 1, 0, now(), 'ADMIN', now(), 'ADMIN', 11, 1, 'BTA4-ETA4-HTA4-MTA4-TTA4');
INSERT INTO ref_grade (ID_GRAD, CD_GRAD, LB_GRAD, BL_DETA, BL_VALI, created_at, CD_UTILCREA, updated_at, CD_UTILMODI, ID_CADREMPL, BL_CONS, CD_MOTI_N4DS) VALUES (42, 'G042', 'Adjoint technique des établissements d''enseignement principal de 2ème classe', 1, 0, now(), 'ADMIN', now(), 'ADMIN', 11, 1, 'BTA3-ETA3-HTA3-MTA3-TTA3');
INSERT INTO ref_grade (ID_GRAD, CD_GRAD, LB_GRAD, BL_DETA, BL_VALI, created_at, CD_UTILCREA, updated_at, CD_UTILMODI, ID_CADREMPL, BL_CONS, CD_MOTI_N4DS) VALUES (43, 'G043', 'Adjoint technique des établissements d''enseignement principal de 2ème classe stagiaire', 1, 0, now(), 'ADMIN', now(), 'ADMIN', 11, 1, 'STA3');
INSERT INTO ref_grade (ID_GRAD, CD_GRAD, LB_GRAD, BL_DETA, BL_VALI, created_at, CD_UTILCREA, updated_at, CD_UTILMODI, ID_CADREMPL, BL_CONS, CD_MOTI_N4DS) VALUES (44, 'G044', 'Adjoint technique des établissements d''enseignement', 1, 0, now(), 'ADMIN', now(), 'ADMIN', 11, 1, 'BTA1-BTA2-ETA1-ETA2-HTA1-HTA2-MTA1-MTA2-TTA1-TTA2');
INSERT INTO ref_grade (ID_GRAD, CD_GRAD, LB_GRAD, BL_DETA, BL_VALI, created_at, CD_UTILCREA, updated_at, CD_UTILMODI, ID_CADREMPL, BL_CONS, CD_MOTI_N4DS) VALUES (45, 'G045', 'Adjoint technique des établissements d''enseignement stagiaire', 1, 0, now(), 'ADMIN', now(), 'ADMIN', 11, 1, 'STA1-STA2');
INSERT INTO ref_grade (ID_GRAD, CD_GRAD, LB_GRAD, BL_DETA, BL_VALI, created_at, CD_UTILCREA, updated_at, CD_UTILMODI, ID_CADREMPL, BL_CONS, CD_MOTI_N4DS) VALUES (46, 'G046', 'Conservateur du patrimoine en chef', 1, 0, now(), 'ADMIN', now(), 'ADMIN', 12, 1, 'BCM3-ECM3-HCM3-MCM3-TCM3');
INSERT INTO ref_grade (ID_GRAD, CD_GRAD, LB_GRAD, BL_DETA, BL_VALI, created_at, CD_UTILCREA, updated_at, CD_UTILMODI, ID_CADREMPL, BL_CONS, CD_MOTI_N4DS) VALUES (47, 'G047', 'Conservateur du patrimoine', 1, 0, now(), 'ADMIN', now(), 'ADMIN', 12, 1, 'BCM2-BCW4-BCX4-ECM2-ECX4-ECY4-HCM2-HCX4-HCY4-MCM2-MCX4-MCY4-TCM2-TCX4-TCY4');
INSERT INTO ref_grade (ID_GRAD, CD_GRAD, LB_GRAD, BL_DETA, BL_VALI, created_at, CD_UTILCREA, updated_at, CD_UTILMODI, ID_CADREMPL, BL_CONS, CD_MOTI_N4DS) VALUES (48, 'G048', 'Conservateur du patrimoine stagiaire', 1, 0, now(), 'ADMIN', now(), 'ADMIN', 12, 1, 'SCM1');
INSERT INTO ref_grade (ID_GRAD, CD_GRAD, LB_GRAD, BL_DETA, BL_VALI, created_at, CD_UTILCREA, updated_at, CD_UTILMODI, ID_CADREMPL, BL_CONS, CD_MOTI_N4DS) VALUES (49, 'G049', 'Conservateur des bibliothèques en chef', 1, 0, now(), 'ADMIN', now(), 'ADMIN', 13, 1, 'BCH2-ECH2-HCH2-MCH2-TCH2');
INSERT INTO ref_grade (ID_GRAD, CD_GRAD, LB_GRAD, BL_DETA, BL_VALI, created_at, CD_UTILCREA, updated_at, CD_UTILMODI, ID_CADREMPL, BL_CONS, CD_MOTI_N4DS) VALUES (50, 'G050', 'Conservateur des bibliothèques', 1, 0, now(), 'ADMIN', now(), 'ADMIN', 13, 1, 'BCH1-ECH1-HCH1-MCH1-TCH1');
INSERT INTO ref_grade (ID_GRAD, CD_GRAD, LB_GRAD, BL_DETA, BL_VALI, created_at, CD_UTILCREA, updated_at, CD_UTILMODI, ID_CADREMPL, BL_CONS, CD_MOTI_N4DS) VALUES (51, 'G051', 'Conservateur des bibliothèques stagiaire', 1, 0, now(), 'ADMIN', now(), 'ADMIN', 13, 1, 'SCH1');
INSERT INTO ref_grade (ID_GRAD, CD_GRAD, LB_GRAD, BL_DETA, BL_VALI, created_at, CD_UTILCREA, updated_at, CD_UTILMODI, ID_CADREMPL, BL_CONS, CD_MOTI_N4DS) VALUES (52, 'G052', 'Attaché principal de conservation du patrimoine ', 1, 0, now(), 'ADMIN', now(), 'ADMIN', 14, 1, '');
INSERT INTO ref_grade (ID_GRAD, CD_GRAD, LB_GRAD, BL_DETA, BL_VALI, created_at, CD_UTILCREA, updated_at, CD_UTILMODI, ID_CADREMPL, BL_CONS, CD_MOTI_N4DS) VALUES (53, 'G053', 'Attaché de conservation du patrimoine ', 1, 0, now(), 'ADMIN', now(), 'ADMIN', 14, 1, 'BCA1-ECA1-HCA1-MCA1-TCA1');
INSERT INTO ref_grade (ID_GRAD, CD_GRAD, LB_GRAD, BL_DETA, BL_VALI, created_at, CD_UTILCREA, updated_at, CD_UTILMODI, ID_CADREMPL, BL_CONS, CD_MOTI_N4DS) VALUES (54, 'G054', 'Attaché de conservation du patrimoine stagiaire', 1, 0, now(), 'ADMIN', now(), 'ADMIN', 14, 1, 'SCA1');
INSERT INTO ref_grade (ID_GRAD, CD_GRAD, LB_GRAD, BL_DETA, BL_VALI, created_at, CD_UTILCREA, updated_at, CD_UTILMODI, ID_CADREMPL, BL_CONS, CD_MOTI_N4DS) VALUES (55, 'G055', 'Bibliothécaire principal', 1, 0, now(), 'ADMIN', now(), 'ADMIN', 15, 1, '');
INSERT INTO ref_grade (ID_GRAD, CD_GRAD, LB_GRAD, BL_DETA, BL_VALI, created_at, CD_UTILCREA, updated_at, CD_UTILMODI, ID_CADREMPL, BL_CONS, CD_MOTI_N4DS) VALUES (56, 'G056', 'Bibliothécaire', 1, 0, now(), 'ADMIN', now(), 'ADMIN', 15, 1, 'MCB1-BCB1-ECB1-HCB1-MCB1-TCB1');
INSERT INTO ref_grade (ID_GRAD, CD_GRAD, LB_GRAD, BL_DETA, BL_VALI, created_at, CD_UTILCREA, updated_at, CD_UTILMODI, ID_CADREMPL, BL_CONS, CD_MOTI_N4DS) VALUES (57, 'G057', 'Bibliothécaire stagiaire', 1, 0, now(), 'ADMIN', now(), 'ADMIN', 15, 1, 'SCB1');
INSERT INTO ref_grade (ID_GRAD, CD_GRAD, LB_GRAD, BL_DETA, BL_VALI, created_at, CD_UTILCREA, updated_at, CD_UTILMODI, ID_CADREMPL, BL_CONS, CD_MOTI_N4DS) VALUES (58, 'G058', 'Directeur d''établissement d''enseignement artistique de 1ère catégorie', 1, 0, now(), 'ADMIN', now(), 'ADMIN', 16, 1, 'BCD2-ECD2-HCD2-MCD2-TCD2');
INSERT INTO ref_grade (ID_GRAD, CD_GRAD, LB_GRAD, BL_DETA, BL_VALI, created_at, CD_UTILCREA, updated_at, CD_UTILMODI, ID_CADREMPL, BL_CONS, CD_MOTI_N4DS) VALUES (59, 'G059', 'Directeur d''établissement d''enseignement artistique de 2ème catégorie', 1, 0, now(), 'ADMIN', now(), 'ADMIN', 16, 1, 'BCD1-ECD1-HCD1-MCD1-TCD1');
INSERT INTO ref_grade (ID_GRAD, CD_GRAD, LB_GRAD, BL_DETA, BL_VALI, created_at, CD_UTILCREA, updated_at, CD_UTILMODI, ID_CADREMPL, BL_CONS, CD_MOTI_N4DS) VALUES (60, 'G060', 'Directeur d''établissement d''enseignement artistique stagiaire', 1, 0, now(), 'ADMIN', now(), 'ADMIN', 16, 1, 'SCD1');
INSERT INTO ref_grade (ID_GRAD, CD_GRAD, LB_GRAD, BL_DETA, BL_VALI, created_at, CD_UTILCREA, updated_at, CD_UTILMODI, ID_CADREMPL, BL_CONS, CD_MOTI_N4DS) VALUES (61, 'G061', 'Professeur d''enseignement artistique hors classe', 1, 0, now(), 'ADMIN', now(), 'ADMIN', 17, 1, 'BCP2-ECP2-HCP2-MCP2-TCP2');
INSERT INTO ref_grade (ID_GRAD, CD_GRAD, LB_GRAD, BL_DETA, BL_VALI, created_at, CD_UTILCREA, updated_at, CD_UTILMODI, ID_CADREMPL, BL_CONS, CD_MOTI_N4DS) VALUES (62, 'G062', 'Professeur d''enseignement artistique classe normale', 1, 0, now(), 'ADMIN', now(), 'ADMIN', 17, 1, 'BCP1-BCW3-BCX3-ECP1-ECX3-ECY3-HCP1-HCX3-HCY3-MCP1-MCX3-MCY3-TCP1-TCX3-TCY3');
INSERT INTO ref_grade (ID_GRAD, CD_GRAD, LB_GRAD, BL_DETA, BL_VALI, created_at, CD_UTILCREA, updated_at, CD_UTILMODI, ID_CADREMPL, BL_CONS, CD_MOTI_N4DS) VALUES (63, 'G063', 'Professeur d''enseignement artistique stagiaire', 1, 0, now(), 'ADMIN', now(), 'ADMIN', 17, 1, 'SCP1');
INSERT INTO ref_grade (ID_GRAD, CD_GRAD, LB_GRAD, BL_DETA, BL_VALI, created_at, CD_UTILCREA, updated_at, CD_UTILMODI, ID_CADREMPL, BL_CONS, CD_MOTI_N4DS) VALUES (64, 'G064', 'Assistant de conservation principal de 1ère classe ', 1, 0, now(), 'ADMIN', now(), 'ADMIN', 18, 1, 'BCG3-ECG3-HCG3-MCG3-TCG3');
INSERT INTO ref_grade (ID_GRAD, CD_GRAD, LB_GRAD, BL_DETA, BL_VALI, created_at, CD_UTILCREA, updated_at, CD_UTILMODI, ID_CADREMPL, BL_CONS, CD_MOTI_N4DS) VALUES (65, 'G065', 'Assistant de conservation principal de 2ème classe ', 1, 0, now(), 'ADMIN', now(), 'ADMIN', 18, 1, 'BCG2-ECG2-HCG2-MCG2-TCG2');
INSERT INTO ref_grade (ID_GRAD, CD_GRAD, LB_GRAD, BL_DETA, BL_VALI, created_at, CD_UTILCREA, updated_at, CD_UTILMODI, ID_CADREMPL, BL_CONS, CD_MOTI_N4DS) VALUES (66, 'G066', 'Assistant de conservation principal de 2ème classe stagiaire', 1, 0, now(), 'ADMIN', now(), 'ADMIN', 18, 1, 'SCG2');
INSERT INTO ref_grade (ID_GRAD, CD_GRAD, LB_GRAD, BL_DETA, BL_VALI, created_at, CD_UTILCREA, updated_at, CD_UTILMODI, ID_CADREMPL, BL_CONS, CD_MOTI_N4DS) VALUES (67, 'G067', 'Assistant de conservation ', 1, 0, now(), 'ADMIN', now(), 'ADMIN', 18, 1, 'BCG1-BCW2-BCX2-ECG1-ECX2-ECY2-HCG1-HCX2-HCY2-MCG1-MCX2-MCY2-TCG1-TCX2-TCY2');
INSERT INTO ref_grade (ID_GRAD, CD_GRAD, LB_GRAD, BL_DETA, BL_VALI, created_at, CD_UTILCREA, updated_at, CD_UTILMODI, ID_CADREMPL, BL_CONS, CD_MOTI_N4DS) VALUES (68, 'G068', 'Assistant de conservation stagiaire', 1, 0, now(), 'ADMIN', now(), 'ADMIN', 18, 1, 'SCG1');
INSERT INTO ref_grade (ID_GRAD, CD_GRAD, LB_GRAD, BL_DETA, BL_VALI, created_at, CD_UTILCREA, updated_at, CD_UTILMODI, ID_CADREMPL, BL_CONS, CD_MOTI_N4DS) VALUES (69, 'G069', 'Assistant d''enseignement artistique principal de 1ère classe', 1, 0, now(), 'ADMIN', now(), 'ADMIN', 19, 1, 'BCS3-ECS3-HCS3-MCS3-TCS3');
INSERT INTO ref_grade (ID_GRAD, CD_GRAD, LB_GRAD, BL_DETA, BL_VALI, created_at, CD_UTILCREA, updated_at, CD_UTILMODI, ID_CADREMPL, BL_CONS, CD_MOTI_N4DS) VALUES (70, 'G070', 'Assistant d''enseignement artistique principal de 1ère classe stagiaire', 1, 0, now(), 'ADMIN', now(), 'ADMIN', 19, 1, 'SCS3');
INSERT INTO ref_grade (ID_GRAD, CD_GRAD, LB_GRAD, BL_DETA, BL_VALI, created_at, CD_UTILCREA, updated_at, CD_UTILMODI, ID_CADREMPL, BL_CONS, CD_MOTI_N4DS) VALUES (71, 'G071', 'Assistant d''enseignement artistique principal de 2ème classe', 1, 0, now(), 'ADMIN', now(), 'ADMIN', 19, 1, 'BCS2-ECS2-HCS2-MCS2-TCS2');
INSERT INTO ref_grade (ID_GRAD, CD_GRAD, LB_GRAD, BL_DETA, BL_VALI, created_at, CD_UTILCREA, updated_at, CD_UTILMODI, ID_CADREMPL, BL_CONS, CD_MOTI_N4DS) VALUES (72, 'G072', 'Assistant d''enseignement artistique principal de 2ème classe stagiaire', 1, 0, now(), 'ADMIN', now(), 'ADMIN', 19, 1, 'SCS2');
INSERT INTO ref_grade (ID_GRAD, CD_GRAD, LB_GRAD, BL_DETA, BL_VALI, created_at, CD_UTILCREA, updated_at, CD_UTILMODI, ID_CADREMPL, BL_CONS, CD_MOTI_N4DS) VALUES (73, 'G073', 'Assistant d''enseignement artistique', 1, 0, now(), 'ADMIN', now(), 'ADMIN', 19, 1, 'BCS1-ECS1-HCS1-MCS1-TCS1');
INSERT INTO ref_grade (ID_GRAD, CD_GRAD, LB_GRAD, BL_DETA, BL_VALI, created_at, CD_UTILCREA, updated_at, CD_UTILMODI, ID_CADREMPL, BL_CONS, CD_MOTI_N4DS) VALUES (74, 'G074', 'Assistant d''enseignement artistique stagiaire', 1, 0, now(), 'ADMIN', now(), 'ADMIN', 19, 1, 'SCS1');
INSERT INTO ref_grade (ID_GRAD, CD_GRAD, LB_GRAD, BL_DETA, BL_VALI, created_at, CD_UTILCREA, updated_at, CD_UTILMODI, ID_CADREMPL, BL_CONS, CD_MOTI_N4DS) VALUES (75, 'G075', 'Adjoint territorial du patrimoine principal de 1ère classe', 1, 0, now(), 'ADMIN', now(), 'ADMIN', 20, 1, 'BCJ4-ECJ4-HCJ4-MCJ4-TCJ4');
INSERT INTO ref_grade (ID_GRAD, CD_GRAD, LB_GRAD, BL_DETA, BL_VALI, created_at, CD_UTILCREA, updated_at, CD_UTILMODI, ID_CADREMPL, BL_CONS, CD_MOTI_N4DS) VALUES (76, 'G076', 'Adjoint territorial du patrimoine principal de 2ème classe', 1, 0, now(), 'ADMIN', now(), 'ADMIN', 20, 1, 'BCJ1-BCJ3-ECJ1-ECJ3-HCJ3-MCJ3-TCJ3');
INSERT INTO ref_grade (ID_GRAD, CD_GRAD, LB_GRAD, BL_DETA, BL_VALI, created_at, CD_UTILCREA, updated_at, CD_UTILMODI, ID_CADREMPL, BL_CONS, CD_MOTI_N4DS) VALUES (77, 'G077', 'Adjoint territorial du patrimoine', 1, 0, now(), 'ADMIN', now(), 'ADMIN', 20, 1, 'BCJ2-BCW1-BCX1-ECJ2-ECX1-ECY1-HCJ1-HCJ2-HCX1-HCY1-MCJ1-MCJ2-MCX1-MCY1-TCJ1-TCJ2-TCX1-TCY1');
INSERT INTO ref_grade (ID_GRAD, CD_GRAD, LB_GRAD, BL_DETA, BL_VALI, created_at, CD_UTILCREA, updated_at, CD_UTILMODI, ID_CADREMPL, BL_CONS, CD_MOTI_N4DS) VALUES (78, 'G078', 'Adjoint territorial du patrimoine stagiaire', 1, 0, now(), 'ADMIN', now(), 'ADMIN', 20, 1, 'SCJ1-SCJ2');
INSERT INTO ref_grade (ID_GRAD, CD_GRAD, LB_GRAD, BL_DETA, BL_VALI, created_at, CD_UTILCREA, updated_at, CD_UTILMODI, ID_CADREMPL, BL_CONS, CD_MOTI_N4DS) VALUES (79, 'G079', 'Conseiller principal de 1ère classe', 1, 0, now(), 'ADMIN', now(), 'ADMIN', 21, 1, 'BSC3-ESC3-HSC3-MSC3-TSC3');
INSERT INTO ref_grade (ID_GRAD, CD_GRAD, LB_GRAD, BL_DETA, BL_VALI, created_at, CD_UTILCREA, updated_at, CD_UTILMODI, ID_CADREMPL, BL_CONS, CD_MOTI_N4DS) VALUES (80, 'G080', 'Conseiller principal de 2ème classe', 1, 0, now(), 'ADMIN', now(), 'ADMIN', 21, 1, 'BSC2-ESC2-HSC2-MSC2-TSC2');
INSERT INTO ref_grade (ID_GRAD, CD_GRAD, LB_GRAD, BL_DETA, BL_VALI, created_at, CD_UTILCREA, updated_at, CD_UTILMODI, ID_CADREMPL, BL_CONS, CD_MOTI_N4DS) VALUES (81, 'G081', 'Conseiller ', 1, 0, now(), 'ADMIN', now(), 'ADMIN', 21, 1, 'BSC1-BSW3-BSW4-BSX3-BSX4-ESC1-ESX3-ESX4-ESY3-ESY4-HSC1-HSX3-HSX4-HSY3-HSY4-MSC1-MSX3-MSX4-MSY3-MSY4-TSC1-TSX3-TSX4-TSY3-TSY4');
INSERT INTO ref_grade (ID_GRAD, CD_GRAD, LB_GRAD, BL_DETA, BL_VALI, created_at, CD_UTILCREA, updated_at, CD_UTILMODI, ID_CADREMPL, BL_CONS, CD_MOTI_N4DS) VALUES (82, 'G082', 'Conseiller stagiaire', 1, 0, now(), 'ADMIN', now(), 'ADMIN', 21, 1, 'SSC1');
INSERT INTO ref_grade (ID_GRAD, CD_GRAD, LB_GRAD, BL_DETA, BL_VALI, created_at, CD_UTILCREA, updated_at, CD_UTILMODI, ID_CADREMPL, BL_CONS, CD_MOTI_N4DS) VALUES (83, 'G083', 'Educateur principal de 1ère classe', 1, 0, now(), 'ADMIN', now(), 'ADMIN', 22, 1, 'BSE3-ESE3-HSE3-MSE3-TSE3');
INSERT INTO ref_grade (ID_GRAD, CD_GRAD, LB_GRAD, BL_DETA, BL_VALI, created_at, CD_UTILCREA, updated_at, CD_UTILMODI, ID_CADREMPL, BL_CONS, CD_MOTI_N4DS) VALUES (84, 'G084', 'Educateur principal de 2ème classe', 1, 0, now(), 'ADMIN', now(), 'ADMIN', 22, 1, 'BSE2-ESE2-HSE2-MSE2-TSE2');
INSERT INTO ref_grade (ID_GRAD, CD_GRAD, LB_GRAD, BL_DETA, BL_VALI, created_at, CD_UTILCREA, updated_at, CD_UTILMODI, ID_CADREMPL, BL_CONS, CD_MOTI_N4DS) VALUES (85, 'G085', 'Educateur principal de 2ème classe stagiaire', 1, 0, now(), 'ADMIN', now(), 'ADMIN', 22, 1, 'SSE2');
INSERT INTO ref_grade (ID_GRAD, CD_GRAD, LB_GRAD, BL_DETA, BL_VALI, created_at, CD_UTILCREA, updated_at, CD_UTILMODI, ID_CADREMPL, BL_CONS, CD_MOTI_N4DS) VALUES (86, 'G086', 'Educateur', 1, 0, now(), 'ADMIN', now(), 'ADMIN', 22, 1, 'BSE1-BSW2-BSX2-ESE1-ESX2-ESY2-HSE1-HSX2-HSY2-MSE1-MSX2-MSY2-TSE1-TSX2-TSY2');
INSERT INTO ref_grade (ID_GRAD, CD_GRAD, LB_GRAD, BL_DETA, BL_VALI, created_at, CD_UTILCREA, updated_at, CD_UTILMODI, ID_CADREMPL, BL_CONS, CD_MOTI_N4DS) VALUES (87, 'G087', 'Educateur stagiaire', 1, 0, now(), 'ADMIN', now(), 'ADMIN', 22, 1, 'SSE1');
INSERT INTO ref_grade (ID_GRAD, CD_GRAD, LB_GRAD, BL_DETA, BL_VALI, created_at, CD_UTILCREA, updated_at, CD_UTILMODI, ID_CADREMPL, BL_CONS, CD_MOTI_N4DS) VALUES (88, 'G088', 'Opérateur principal', 1, 0, now(), 'ADMIN', now(), 'ADMIN', 23, 1, 'ESP4-HSP4-MSP4-TSP4');
INSERT INTO ref_grade (ID_GRAD, CD_GRAD, LB_GRAD, BL_DETA, BL_VALI, created_at, CD_UTILCREA, updated_at, CD_UTILMODI, ID_CADREMPL, BL_CONS, CD_MOTI_N4DS) VALUES (89, 'G089', 'Opérateur qualifié', 1, 0, now(), 'ADMIN', now(), 'ADMIN', 23, 1, 'ESP3-HSP3-MSP3-TSP3');
INSERT INTO ref_grade (ID_GRAD, CD_GRAD, LB_GRAD, BL_DETA, BL_VALI, created_at, CD_UTILCREA, updated_at, CD_UTILMODI, ID_CADREMPL, BL_CONS, CD_MOTI_N4DS) VALUES (90, 'G090', 'Opérateur qualifié stagiaire', 1, 0, now(), 'ADMIN', now(), 'ADMIN', 23, 1, 'SSP1');
INSERT INTO ref_grade (ID_GRAD, CD_GRAD, LB_GRAD, BL_DETA, BL_VALI, created_at, CD_UTILCREA, updated_at, CD_UTILMODI, ID_CADREMPL, BL_CONS, CD_MOTI_N4DS) VALUES (91, 'G091', 'Opérateur ', 1, 0, now(), 'ADMIN', now(), 'ADMIN', 23, 1, 'BSP1-BSP2-BSP3-BSP4-BSW1-BSX1-ESP1-ESP2-ESX1-ESY1-HSP1-HSP2-HSX1-HSY1-MSP1-MSP2-MSX1-MSY1-TSP1-TSP2-TSX1-TSY1');
INSERT INTO ref_grade (ID_GRAD, CD_GRAD, LB_GRAD, BL_DETA, BL_VALI, created_at, CD_UTILCREA, updated_at, CD_UTILMODI, ID_CADREMPL, BL_CONS, CD_MOTI_N4DS) VALUES (92, 'G092', 'Conseiller supérieur socio-éducatif', 1, 0, now(), 'ADMIN', now(), 'ADMIN', 24, 1, 'BMM2-EMM2-HMM2-MMM2-TMM2');
INSERT INTO ref_grade (ID_GRAD, CD_GRAD, LB_GRAD, BL_DETA, BL_VALI, created_at, CD_UTILCREA, updated_at, CD_UTILMODI, ID_CADREMPL, BL_CONS, CD_MOTI_N4DS) VALUES (93, 'G093', 'Conseiller socio-éducatif', 1, 0, now(), 'ADMIN', now(), 'ADMIN', 24, 1, 'BMM1-BMW3-BMW4-BMX3-BMX4-EMM1-EMX3-EMX4-EMY3-EMY4-HMM1-HMX3-HMX4-HMY3-HMY4-MMM1-MMX3-MMX4-MMY3-MMY4-TMM1-TMX3-TMX4-TMY3-TMY4');
INSERT INTO ref_grade (ID_GRAD, CD_GRAD, LB_GRAD, BL_DETA, BL_VALI, created_at, CD_UTILCREA, updated_at, CD_UTILMODI, ID_CADREMPL, BL_CONS, CD_MOTI_N4DS) VALUES (94, 'G094', 'Conseiller socio-éducatif stagiaire', 1, 0, now(), 'ADMIN', now(), 'ADMIN', 24, 1, 'SMM1');
INSERT INTO ref_grade (ID_GRAD, CD_GRAD, LB_GRAD, BL_DETA, BL_VALI, created_at, CD_UTILCREA, updated_at, CD_UTILMODI, ID_CADREMPL, BL_CONS, CD_MOTI_N4DS) VALUES (95, 'G095', 'Assistant socio-éducatif principal', 1, 0, now(), 'ADMIN', now(), 'ADMIN', 25, 1, 'BMH2-EMH2-HMH2-MMH2-TMH2');
INSERT INTO ref_grade (ID_GRAD, CD_GRAD, LB_GRAD, BL_DETA, BL_VALI, created_at, CD_UTILCREA, updated_at, CD_UTILMODI, ID_CADREMPL, BL_CONS, CD_MOTI_N4DS) VALUES (96, 'G096', 'Assistant socio-éducatif', 1, 0, now(), 'ADMIN', now(), 'ADMIN', 25, 1, 'BMH1-BMW2-BMX2-EMH1-EMX2-EMY2-HMH1-HMX2-HMY2-MMH1-MMX2-MMY2-TMH1-TMX2-TMY2');
INSERT INTO ref_grade (ID_GRAD, CD_GRAD, LB_GRAD, BL_DETA, BL_VALI, created_at, CD_UTILCREA, updated_at, CD_UTILMODI, ID_CADREMPL, BL_CONS, CD_MOTI_N4DS) VALUES (97, 'G097', 'Assistant socio-éducatif stagiaire', 1, 0, now(), 'ADMIN', now(), 'ADMIN', 25, 1, 'SMH1');
INSERT INTO ref_grade (ID_GRAD, CD_GRAD, LB_GRAD, BL_DETA, BL_VALI, created_at, CD_UTILCREA, updated_at, CD_UTILMODI, ID_CADREMPL, BL_CONS, CD_MOTI_N4DS) VALUES (98, 'G098', 'Educateur principal de jeunes enfants', 1, 0, now(), 'ADMIN', now(), 'ADMIN', 26, 1, 'BMA2-EMA2-HMA2-MMA2-TMA2');
INSERT INTO ref_grade (ID_GRAD, CD_GRAD, LB_GRAD, BL_DETA, BL_VALI, created_at, CD_UTILCREA, updated_at, CD_UTILMODI, ID_CADREMPL, BL_CONS, CD_MOTI_N4DS) VALUES (99, 'G099', 'Educateur de jeunes enfants', 1, 0, now(), 'ADMIN', now(), 'ADMIN', 26, 1, 'BMA1-EMA1-HMA1-MMA1-TMA1');
INSERT INTO ref_grade (ID_GRAD, CD_GRAD, LB_GRAD, BL_DETA, BL_VALI, created_at, CD_UTILCREA, updated_at, CD_UTILMODI, ID_CADREMPL, BL_CONS, CD_MOTI_N4DS) VALUES (100, 'G100', 'Educateur de jeunes enfants stagiaire', 1, 0, now(), 'ADMIN', now(), 'ADMIN', 26, 1, 'SMA1');
INSERT INTO ref_grade (ID_GRAD, CD_GRAD, LB_GRAD, BL_DETA, BL_VALI, created_at, CD_UTILCREA, updated_at, CD_UTILMODI, ID_CADREMPL, BL_CONS, CD_MOTI_N4DS) VALUES (101, 'G101', 'Moniteur-éducateur et intervenant familial principal', 1, 0, now(), 'ADMIN', now(), 'ADMIN', 27, 1, 'BMB2-EMB2-HMB2-MMB2-TMB2');
INSERT INTO ref_grade (ID_GRAD, CD_GRAD, LB_GRAD, BL_DETA, BL_VALI, created_at, CD_UTILCREA, updated_at, CD_UTILMODI, ID_CADREMPL, BL_CONS, CD_MOTI_N4DS) VALUES (102, 'G102', 'Moniteur-éducateur et intervenant familial ', 1, 0, now(), 'ADMIN', now(), 'ADMIN', 27, 1, 'BMB1-EMB1-HMB1-MMB1-TMB1');
INSERT INTO ref_grade (ID_GRAD, CD_GRAD, LB_GRAD, BL_DETA, BL_VALI, created_at, CD_UTILCREA, updated_at, CD_UTILMODI, ID_CADREMPL, BL_CONS, CD_MOTI_N4DS) VALUES (103, 'G103', 'Moniteur-éducateur et intervenant familial stagiaire', 1, 0, now(), 'ADMIN', now(), 'ADMIN', 27, 1, 'SMB1');
INSERT INTO ref_grade (ID_GRAD, CD_GRAD, LB_GRAD, BL_DETA, BL_VALI, created_at, CD_UTILCREA, updated_at, CD_UTILMODI, ID_CADREMPL, BL_CONS, CD_MOTI_N4DS) VALUES (104, 'G104', 'Agent spécialisé principal de 1ère classe des écoles maternelles', 1, 0, now(), 'ADMIN', now(), 'ADMIN', 28, 1, 'BMD3-EMD3-HMD3-MMD3-TMD3');
INSERT INTO ref_grade (ID_GRAD, CD_GRAD, LB_GRAD, BL_DETA, BL_VALI, created_at, CD_UTILCREA, updated_at, CD_UTILMODI, ID_CADREMPL, BL_CONS, CD_MOTI_N4DS) VALUES (105, 'G105', 'Agent spécialisé principal de 2ème classe des écoles maternelles', 1, 0, now(), 'ADMIN', now(), 'ADMIN', 28, 1, 'BMD1-BMD2-EMD1-EMD2-HMD1-HMD2-MMD1-MMD2-TMD1-TMD2');
INSERT INTO ref_grade (ID_GRAD, CD_GRAD, LB_GRAD, BL_DETA, BL_VALI, created_at, CD_UTILCREA, updated_at, CD_UTILMODI, ID_CADREMPL, BL_CONS, CD_MOTI_N4DS) VALUES (106, 'G106', 'Agent spécialisé principal de 2ème classe des écoles maternelles stagiaire', 1, 0, now(), 'ADMIN', now(), 'ADMIN', 28, 1, 'SMD1');
INSERT INTO ref_grade (ID_GRAD, CD_GRAD, LB_GRAD, BL_DETA, BL_VALI, created_at, CD_UTILCREA, updated_at, CD_UTILMODI, ID_CADREMPL, BL_CONS, CD_MOTI_N4DS) VALUES (107, 'G107', 'Agent social principal de 1ère classe', 1, 0, now(), 'ADMIN', now(), 'ADMIN', 29, 1, 'BMP4-EMP4-HMP4-MMP4-TMP4');
INSERT INTO ref_grade (ID_GRAD, CD_GRAD, LB_GRAD, BL_DETA, BL_VALI, created_at, CD_UTILCREA, updated_at, CD_UTILMODI, ID_CADREMPL, BL_CONS, CD_MOTI_N4DS) VALUES (108, 'G108', 'Agent social principal de 2ème classe', 1, 0, now(), 'ADMIN', now(), 'ADMIN', 29, 1, 'BMP3-EMP3-HMP3-MMP3-TMP3');
INSERT INTO ref_grade (ID_GRAD, CD_GRAD, LB_GRAD, BL_DETA, BL_VALI, created_at, CD_UTILCREA, updated_at, CD_UTILMODI, ID_CADREMPL, BL_CONS, CD_MOTI_N4DS) VALUES (109, 'G109', 'Agent social principal de 2ème classe stagiaire', 1, 0, now(), 'ADMIN', now(), 'ADMIN', 29, 1, 'SMP1-SMP2');
INSERT INTO ref_grade (ID_GRAD, CD_GRAD, LB_GRAD, BL_DETA, BL_VALI, created_at, CD_UTILCREA, updated_at, CD_UTILMODI, ID_CADREMPL, BL_CONS, CD_MOTI_N4DS) VALUES (110, 'G110', 'Agent social ', 1, 0, now(), 'ADMIN', now(), 'ADMIN', 29, 1, 'BMP1-BMP2-BMW1-BMX1-EMP1-EMP2-EMX1-EMY1-HMP1-HMP2-HMX1-HMY1-MMP1-MMP2-MMX1-MMY1-TMP1-TMP2-TMX1-TMY1');
INSERT INTO ref_grade (ID_GRAD, CD_GRAD, LB_GRAD, BL_DETA, BL_VALI, created_at, CD_UTILCREA, updated_at, CD_UTILMODI, ID_CADREMPL, BL_CONS, CD_MOTI_N4DS) VALUES (111, 'G111', 'Agent social stagiaire', 1, 0, now(), 'ADMIN', now(), 'ADMIN', 29, 1, '');
INSERT INTO ref_grade (ID_GRAD, CD_GRAD, LB_GRAD, BL_DETA, BL_VALI, created_at, CD_UTILCREA, updated_at, CD_UTILMODI, ID_CADREMPL, BL_CONS, CD_MOTI_N4DS) VALUES (112, 'G112', 'Médecin hors classe', 1, 0, now(), 'ADMIN', now(), 'ADMIN', 30, 1, 'BOD3-EOD3-HOD3-MOD3-TOD3');
INSERT INTO ref_grade (ID_GRAD, CD_GRAD, LB_GRAD, BL_DETA, BL_VALI, created_at, CD_UTILCREA, updated_at, CD_UTILMODI, ID_CADREMPL, BL_CONS, CD_MOTI_N4DS) VALUES (113, 'G113', 'Médecin de 1ère classe', 1, 0, now(), 'ADMIN', now(), 'ADMIN', 30, 1, 'BOD2-EOD2-HOD2-MOD2-TOD2');
INSERT INTO ref_grade (ID_GRAD, CD_GRAD, LB_GRAD, BL_DETA, BL_VALI, created_at, CD_UTILCREA, updated_at, CD_UTILMODI, ID_CADREMPL, BL_CONS, CD_MOTI_N4DS) VALUES (114, 'G114', 'Médecin de 2ème classe', 1, 0, now(), 'ADMIN', now(), 'ADMIN', 30, 1, 'BOD1-EOD1-HOD1-MOD1-TOD1');
INSERT INTO ref_grade (ID_GRAD, CD_GRAD, LB_GRAD, BL_DETA, BL_VALI, created_at, CD_UTILCREA, updated_at, CD_UTILMODI, ID_CADREMPL, BL_CONS, CD_MOTI_N4DS) VALUES (115, 'G115', 'Médecin stagiaire', 1, 0, now(), 'ADMIN', now(), 'ADMIN', 30, 1, 'SOD1');
INSERT INTO ref_grade (ID_GRAD, CD_GRAD, LB_GRAD, BL_DETA, BL_VALI, created_at, CD_UTILCREA, updated_at, CD_UTILMODI, ID_CADREMPL, BL_CONS, CD_MOTI_N4DS) VALUES (116, 'G116', 'Psychologue hors classe', 1, 0, now(), 'ADMIN', now(), 'ADMIN', 31, 1, 'BOH2-EOH2-HOH2-MOH2-TOH2');
INSERT INTO ref_grade (ID_GRAD, CD_GRAD, LB_GRAD, BL_DETA, BL_VALI, created_at, CD_UTILCREA, updated_at, CD_UTILMODI, ID_CADREMPL, BL_CONS, CD_MOTI_N4DS) VALUES (117, 'G117', 'Psychologue classe normale', 1, 0, now(), 'ADMIN', now(), 'ADMIN', 31, 1, 'BOH1-EOH1-HOH1-MOH1-TOH1');
INSERT INTO ref_grade (ID_GRAD, CD_GRAD, LB_GRAD, BL_DETA, BL_VALI, created_at, CD_UTILCREA, updated_at, CD_UTILMODI, ID_CADREMPL, BL_CONS, CD_MOTI_N4DS) VALUES (118, 'G118', 'Psychologue stagiaire', 1, 0, now(), 'ADMIN', now(), 'ADMIN', 31, 1, 'SOH1');
INSERT INTO ref_grade (ID_GRAD, CD_GRAD, LB_GRAD, BL_DETA, BL_VALI, created_at, CD_UTILCREA, updated_at, CD_UTILMODI, ID_CADREMPL, BL_CONS, CD_MOTI_N4DS) VALUES (119, 'G119', 'Sage-femme classe exceptionnelle', 1, 0, now(), 'ADMIN', now(), 'ADMIN', 32, 1, 'BOF3-EOF3-HOF3-MOF3-TOF3');
INSERT INTO ref_grade (ID_GRAD, CD_GRAD, LB_GRAD, BL_DETA, BL_VALI, created_at, CD_UTILCREA, updated_at, CD_UTILMODI, ID_CADREMPL, BL_CONS, CD_MOTI_N4DS) VALUES (120, 'G120', 'Sage-femme classe supérieure', 1, 0, now(), 'ADMIN', now(), 'ADMIN', 32, 1, 'BOF2-EOF2-HOF2-MOF2-TOF2');
INSERT INTO ref_grade (ID_GRAD, CD_GRAD, LB_GRAD, BL_DETA, BL_VALI, created_at, CD_UTILCREA, updated_at, CD_UTILMODI, ID_CADREMPL, BL_CONS, CD_MOTI_N4DS) VALUES (121, 'G121', 'Sage-femme de classe normale', 1, 0, now(), 'ADMIN', now(), 'ADMIN', 32, 1, 'BOF1-EOF1-HOF1-MOF1-TOF1');
INSERT INTO ref_grade (ID_GRAD, CD_GRAD, LB_GRAD, BL_DETA, BL_VALI, created_at, CD_UTILCREA, updated_at, CD_UTILMODI, ID_CADREMPL, BL_CONS, CD_MOTI_N4DS) VALUES (122, 'G122', 'Sage-femme stagiaire', 1, 0, now(), 'ADMIN', now(), 'ADMIN', 32, 1, 'SOF1');
INSERT INTO ref_grade (ID_GRAD, CD_GRAD, LB_GRAD, BL_DETA, BL_VALI, created_at, CD_UTILCREA, updated_at, CD_UTILMODI, ID_CADREMPL, BL_CONS, CD_MOTI_N4DS) VALUES (123, 'G123', 'Cadre supérieur de santé', 1, 0, now(), 'ADMIN', now(), 'ADMIN', 33, 1, 'BOG3-EOG3-HOG3-MOG3-TOG3');
INSERT INTO ref_grade (ID_GRAD, CD_GRAD, LB_GRAD, BL_DETA, BL_VALI, created_at, CD_UTILCREA, updated_at, CD_UTILMODI, ID_CADREMPL, BL_CONS, CD_MOTI_N4DS) VALUES (124, 'G124', 'Cadré de santé 1ère classe', 1, 0, now(), 'ADMIN', now(), 'ADMIN', 33, 1, 'BOG2-EOG2-HOG2-MOG2-TOG2');
INSERT INTO ref_grade (ID_GRAD, CD_GRAD, LB_GRAD, BL_DETA, BL_VALI, created_at, CD_UTILCREA, updated_at, CD_UTILMODI, ID_CADREMPL, BL_CONS, CD_MOTI_N4DS) VALUES (125, 'G125', 'Cadre de santé 2ème classe', 1, 0, now(), 'ADMIN', now(), 'ADMIN', 33, 1, 'BOG1-EOG1-HOG1-MOG1-TOG1');
INSERT INTO ref_grade (ID_GRAD, CD_GRAD, LB_GRAD, BL_DETA, BL_VALI, created_at, CD_UTILCREA, updated_at, CD_UTILMODI, ID_CADREMPL, BL_CONS, CD_MOTI_N4DS) VALUES (126, 'G126', 'Cadre de santé 2ème classe stagiaire', 1, 0, now(), 'ADMIN', now(), 'ADMIN', 33, 1, 'SOG1');
INSERT INTO ref_grade (ID_GRAD, CD_GRAD, LB_GRAD, BL_DETA, BL_VALI, created_at, CD_UTILCREA, updated_at, CD_UTILMODI, ID_CADREMPL, BL_CONS, CD_MOTI_N4DS) VALUES (127, 'G127', 'Puéricultrice-cadre supérieur de santé', 1, 0, now(), 'ADMIN', now(), 'ADMIN', 34, 1, 'BOC2-EOC2-HOC2-MOC2-TOC2');
INSERT INTO ref_grade (ID_GRAD, CD_GRAD, LB_GRAD, BL_DETA, BL_VALI, created_at, CD_UTILCREA, updated_at, CD_UTILMODI, ID_CADREMPL, BL_CONS, CD_MOTI_N4DS) VALUES (128, 'G128', 'Puéricultrice-cadre de santé', 1, 0, now(), 'ADMIN', now(), 'ADMIN', 34, 1, 'BOC1-EOC1-HOC1-MOC1-TOC1');
INSERT INTO ref_grade (ID_GRAD, CD_GRAD, LB_GRAD, BL_DETA, BL_VALI, created_at, CD_UTILCREA, updated_at, CD_UTILMODI, ID_CADREMPL, BL_CONS, CD_MOTI_N4DS) VALUES (129, 'G129', 'Puéricultrice-cadre de santé stagiaire', 1, 0, now(), 'ADMIN', now(), 'ADMIN', 34, 1, 'SOC1');
INSERT INTO ref_grade (ID_GRAD, CD_GRAD, LB_GRAD, BL_DETA, BL_VALI, created_at, CD_UTILCREA, updated_at, CD_UTILMODI, ID_CADREMPL, BL_CONS, CD_MOTI_N4DS) VALUES (130, 'G130', 'Puéricultrice de classe supérieure', 1, 0, now(), 'ADMIN', now(), 'ADMIN', 35, 1, 'BOP2-EOP2-HOP2-MOP2-TOP2');
INSERT INTO ref_grade (ID_GRAD, CD_GRAD, LB_GRAD, BL_DETA, BL_VALI, created_at, CD_UTILCREA, updated_at, CD_UTILMODI, ID_CADREMPL, BL_CONS, CD_MOTI_N4DS) VALUES (131, 'G131', 'Puéricultrice de classe normale', 1, 0, now(), 'ADMIN', now(), 'ADMIN', 35, 1, 'BOP1-TOP1-EOP1-HOP1-MOP1');
INSERT INTO ref_grade (ID_GRAD, CD_GRAD, LB_GRAD, BL_DETA, BL_VALI, created_at, CD_UTILCREA, updated_at, CD_UTILMODI, ID_CADREMPL, BL_CONS, CD_MOTI_N4DS) VALUES (132, 'G132', 'Puéricultrice stagiaire', 1, 0, now(), 'ADMIN', now(), 'ADMIN', 35, 1, 'SOP1');
INSERT INTO ref_grade (ID_GRAD, CD_GRAD, LB_GRAD, BL_DETA, BL_VALI, created_at, CD_UTILCREA, updated_at, CD_UTILMODI, ID_CADREMPL, BL_CONS, CD_MOTI_N4DS) VALUES (133, 'G133', 'Puéricultrice hors classe', 1, 0, now(), 'ADMIN', now(), 'ADMIN', 36, 1, 'BOU3-EOU3-HOU3-MOU3-TOU3');
INSERT INTO ref_grade (ID_GRAD, CD_GRAD, LB_GRAD, BL_DETA, BL_VALI, created_at, CD_UTILCREA, updated_at, CD_UTILMODI, ID_CADREMPL, BL_CONS, CD_MOTI_N4DS) VALUES (134, 'G134', 'Puéricultrice de classe supérieure', 1, 0, now(), 'ADMIN', now(), 'ADMIN', 36, 1, 'BOU2-EOU2-HOU2-MOU2-TOU2');
INSERT INTO ref_grade (ID_GRAD, CD_GRAD, LB_GRAD, BL_DETA, BL_VALI, created_at, CD_UTILCREA, updated_at, CD_UTILMODI, ID_CADREMPL, BL_CONS, CD_MOTI_N4DS) VALUES (135, 'G135', 'Puéricultrice de classe normale', 1, 0, now(), 'ADMIN', now(), 'ADMIN', 36, 1, 'BOU1-EOU1-HOU1-MOU1-TOU1');
INSERT INTO ref_grade (ID_GRAD, CD_GRAD, LB_GRAD, BL_DETA, BL_VALI, created_at, CD_UTILCREA, updated_at, CD_UTILMODI, ID_CADREMPL, BL_CONS, CD_MOTI_N4DS) VALUES (136, 'G136', 'Puéricultrice stagiaire', 1, 0, now(), 'ADMIN', now(), 'ADMIN', 36, 1, 'SOU1');
INSERT INTO ref_grade (ID_GRAD, CD_GRAD, LB_GRAD, BL_DETA, BL_VALI, created_at, CD_UTILCREA, updated_at, CD_UTILMODI, ID_CADREMPL, BL_CONS, CD_MOTI_N4DS) VALUES (137, 'G137', 'Cadre de santé', 1, 0, now(), 'ADMIN', now(), 'ADMIN', 37, 1, 'BOA1-BOW4-BOX4-EOA1-EOX4-EOY4-HOA1-HOX4-HOY4-MOA1-MOX4-MOY4-TOA1-TOX4-TOY4');
INSERT INTO ref_grade (ID_GRAD, CD_GRAD, LB_GRAD, BL_DETA, BL_VALI, created_at, CD_UTILCREA, updated_at, CD_UTILMODI, ID_CADREMPL, BL_CONS, CD_MOTI_N4DS) VALUES (138, 'G138', 'Cadre de santé stagiaire', 1, 0, now(), 'ADMIN', now(), 'ADMIN', 37, 1, 'SOA1');
INSERT INTO ref_grade (ID_GRAD, CD_GRAD, LB_GRAD, BL_DETA, BL_VALI, created_at, CD_UTILCREA, updated_at, CD_UTILMODI, ID_CADREMPL, BL_CONS, CD_MOTI_N4DS) VALUES (139, 'G139', 'Infirmier en soins généraux hors classe', 1, 0, now(), 'ADMIN', now(), 'ADMIN', 38, 1, 'BOB3-EOB3-HOB3-MOB3-TOB3');
INSERT INTO ref_grade (ID_GRAD, CD_GRAD, LB_GRAD, BL_DETA, BL_VALI, created_at, CD_UTILCREA, updated_at, CD_UTILMODI, ID_CADREMPL, BL_CONS, CD_MOTI_N4DS) VALUES (140, 'G140', 'Infirmier en soins généraux de classe supérieure', 1, 0, now(), 'ADMIN', now(), 'ADMIN', 38, 1, 'BOB2-EOB2-HOB2-MOB2-TOB2');
INSERT INTO ref_grade (ID_GRAD, CD_GRAD, LB_GRAD, BL_DETA, BL_VALI, created_at, CD_UTILCREA, updated_at, CD_UTILMODI, ID_CADREMPL, BL_CONS, CD_MOTI_N4DS) VALUES (141, 'G141', 'infirmier en soins généraux de classe normale', 1, 0, now(), 'ADMIN', now(), 'ADMIN', 38, 1, 'BOB1-BOW3-BOX3-EOB1-EOX3-EOY3-HOB1-HOX3-HOY3-MOB1-MOX3-MOY3-TOB1-TOX3-TOY3');
INSERT INTO ref_grade (ID_GRAD, CD_GRAD, LB_GRAD, BL_DETA, BL_VALI, created_at, CD_UTILCREA, updated_at, CD_UTILMODI, ID_CADREMPL, BL_CONS, CD_MOTI_N4DS) VALUES (142, 'G142', 'Infirmier en soins généraux de classe normale stagiaire', 1, 0, now(), 'ADMIN', now(), 'ADMIN', 38, 1, 'SOB1');
INSERT INTO ref_grade (ID_GRAD, CD_GRAD, LB_GRAD, BL_DETA, BL_VALI, created_at, CD_UTILCREA, updated_at, CD_UTILMODI, ID_CADREMPL, BL_CONS, CD_MOTI_N4DS) VALUES (143, 'G143', 'Infirmier de classe supérieure', 1, 0, now(), 'ADMIN', now(), 'ADMIN', 39, 1, 'BON2-EON2-HON2-MON2-TON2');
INSERT INTO ref_grade (ID_GRAD, CD_GRAD, LB_GRAD, BL_DETA, BL_VALI, created_at, CD_UTILCREA, updated_at, CD_UTILMODI, ID_CADREMPL, BL_CONS, CD_MOTI_N4DS) VALUES (144, 'G144', 'Infirmier de classe normale', 1, 0, now(), 'ADMIN', now(), 'ADMIN', 39, 1, 'BON1-BOW2-BOX2-EON1-EOX2-EOY2-HON1-HOX2-HOY2-MON1-MOX2-MOY2-TON1-TOX2-TOY2');
INSERT INTO ref_grade (ID_GRAD, CD_GRAD, LB_GRAD, BL_DETA, BL_VALI, created_at, CD_UTILCREA, updated_at, CD_UTILMODI, ID_CADREMPL, BL_CONS, CD_MOTI_N4DS) VALUES (145, 'G145', 'Infirmier stagiaire', 1, 0, now(), 'ADMIN', now(), 'ADMIN', 39, 1, 'SON1');
INSERT INTO ref_grade (ID_GRAD, CD_GRAD, LB_GRAD, BL_DETA, BL_VALI, created_at, CD_UTILCREA, updated_at, CD_UTILMODI, ID_CADREMPL, BL_CONS, CD_MOTI_N4DS) VALUES (146, 'G146', 'Auxiliaire de puériculture principal de 1ère classe', 1, 0, now(), 'ADMIN', now(), 'ADMIN', 40, 1, 'BOJ3-EOJ3-HOJ3-MOJ3-TOJ3');
INSERT INTO ref_grade (ID_GRAD, CD_GRAD, LB_GRAD, BL_DETA, BL_VALI, created_at, CD_UTILCREA, updated_at, CD_UTILMODI, ID_CADREMPL, BL_CONS, CD_MOTI_N4DS) VALUES (147, 'G147', 'Auxiliaire de puériculture principal de 2ème classe', 1, 0, now(), 'ADMIN', now(), 'ADMIN', 40, 1, 'BOJ1-BOJ2-EOJ1-EOJ2-HOJ1-HOJ2-MOJ1-MOJ2-TOJ1-TOJ2');
INSERT INTO ref_grade (ID_GRAD, CD_GRAD, LB_GRAD, BL_DETA, BL_VALI, created_at, CD_UTILCREA, updated_at, CD_UTILMODI, ID_CADREMPL, BL_CONS, CD_MOTI_N4DS) VALUES (148, 'G148', 'Auxiliaire de puériculture principal de 2ème classe stagiaire', 1, 0, now(), 'ADMIN', now(), 'ADMIN', 40, 1, 'SOJ1');
INSERT INTO ref_grade (ID_GRAD, CD_GRAD, LB_GRAD, BL_DETA, BL_VALI, created_at, CD_UTILCREA, updated_at, CD_UTILMODI, ID_CADREMPL, BL_CONS, CD_MOTI_N4DS) VALUES (149, 'G149', 'Auxiliaire de soins principal de 1ère classe', 1, 0, now(), 'ADMIN', now(), 'ADMIN', 41, 1, 'BOK3-EOK3-HOK3-MOK3-TOK3');
INSERT INTO ref_grade (ID_GRAD, CD_GRAD, LB_GRAD, BL_DETA, BL_VALI, created_at, CD_UTILCREA, updated_at, CD_UTILMODI, ID_CADREMPL, BL_CONS, CD_MOTI_N4DS) VALUES (150, 'G150', 'Auxiliaire de soins principal de 2ème classe', 1, 0, now(), 'ADMIN', now(), 'ADMIN', 41, 1, 'BOK1-BOK2-BOW1-BOX1-EOK1-EOK2-EOX1-EOY1-HOK1-HOK2-HOX1-HOY1-MOK1-MOK2-MOX1-MOY1-TOK1-TOK2-TOX1-TOY1');
INSERT INTO ref_grade (ID_GRAD, CD_GRAD, LB_GRAD, BL_DETA, BL_VALI, created_at, CD_UTILCREA, updated_at, CD_UTILMODI, ID_CADREMPL, BL_CONS, CD_MOTI_N4DS) VALUES (151, 'G151', 'Auxiliaire de soins principal de 2ème classe stagiaire', 1, 0, now(), 'ADMIN', now(), 'ADMIN', 41, 1, 'SOK1');
INSERT INTO ref_grade (ID_GRAD, CD_GRAD, LB_GRAD, BL_DETA, BL_VALI, created_at, CD_UTILCREA, updated_at, CD_UTILMODI, ID_CADREMPL, BL_CONS, CD_MOTI_N4DS) VALUES (152, 'G152', 'Biologiste, vétérinaire et pharmacien de classe exceptionnelle', 1, 0, now(), 'ADMIN', now(), 'ADMIN', 42, 1, 'BEB3-EEB3-HEB3-MEB3-TEB3');
INSERT INTO ref_grade (ID_GRAD, CD_GRAD, LB_GRAD, BL_DETA, BL_VALI, created_at, CD_UTILCREA, updated_at, CD_UTILMODI, ID_CADREMPL, BL_CONS, CD_MOTI_N4DS) VALUES (153, 'G153', 'Biologiste, vétérinaire et pharmacien hors classe', 1, 0, now(), 'ADMIN', now(), 'ADMIN', 42, 1, 'BEB2-EEB2-HEB2-MEB2-TEB2');
INSERT INTO ref_grade (ID_GRAD, CD_GRAD, LB_GRAD, BL_DETA, BL_VALI, created_at, CD_UTILCREA, updated_at, CD_UTILMODI, ID_CADREMPL, BL_CONS, CD_MOTI_N4DS) VALUES (154, 'G154', 'Biologiste, vétérinaire et pharmacien de classe normale', 1, 0, now(), 'ADMIN', now(), 'ADMIN', 42, 1, 'BEB1-BEW3-BEW4-BEX3-BEX4-EEB1-EEX3-EEX4-EEY3-EEY4-HEB1-HEX3-HEX4-HEY3-HEY4-MEB1-MEX3-MEX4-MEY3-MEY4-TEB1-TEX3-TEX4-TEY3-TEY4');
INSERT INTO ref_grade (ID_GRAD, CD_GRAD, LB_GRAD, BL_DETA, BL_VALI, created_at, CD_UTILCREA, updated_at, CD_UTILMODI, ID_CADREMPL, BL_CONS, CD_MOTI_N4DS) VALUES (155, 'G155', 'Biologiste, vétérinaire et pharmacien de classe normale stagiaire', 1, 0, now(), 'ADMIN', now(), 'ADMIN', 42, 1, 'SEB1');
INSERT INTO ref_grade (ID_GRAD, CD_GRAD, LB_GRAD, BL_DETA, BL_VALI, created_at, CD_UTILCREA, updated_at, CD_UTILMODI, ID_CADREMPL, BL_CONS, CD_MOTI_N4DS) VALUES (156, 'G156', 'Technicien paramédical de classe supérieure', 1, 0, now(), 'ADMIN', now(), 'ADMIN', 43, 1, 'BET2-EET2-HET2-MET2-TET2');
INSERT INTO ref_grade (ID_GRAD, CD_GRAD, LB_GRAD, BL_DETA, BL_VALI, created_at, CD_UTILCREA, updated_at, CD_UTILMODI, ID_CADREMPL, BL_CONS, CD_MOTI_N4DS) VALUES (157, 'G157', 'Technicien paramédical de classe normale', 1, 0, now(), 'ADMIN', now(), 'ADMIN', 43, 1, 'BET1-BEW1-BEW2-BEX1-BEX2-EET1-EEX1-EEX2-EEY1-EEY2-HET1-HEX1-HEX2-HEY1-HEY2-MET1-MEX1-MEX2-MEY1-MEY2-TET1-TEX1-TEX2-TEY1-TEY2');
INSERT INTO ref_grade (ID_GRAD, CD_GRAD, LB_GRAD, BL_DETA, BL_VALI, created_at, CD_UTILCREA, updated_at, CD_UTILMODI, ID_CADREMPL, BL_CONS, CD_MOTI_N4DS) VALUES (158, 'G158', 'Technicien paramédical de classe normale stagiaire', 1, 0, now(), 'ADMIN', now(), 'ADMIN', 43, 1, 'SET1');
INSERT INTO ref_grade (ID_GRAD, CD_GRAD, LB_GRAD, BL_DETA, BL_VALI, created_at, CD_UTILCREA, updated_at, CD_UTILMODI, ID_CADREMPL, BL_CONS, CD_MOTI_N4DS) VALUES (159, 'G159', 'Directeur principal de police municipale', 1, 0, now(), 'ADMIN', now(), 'ADMIN', 44, 1, 'BPU2-EPU2-HPU2-MPU2-TPU2');
INSERT INTO ref_grade (ID_GRAD, CD_GRAD, LB_GRAD, BL_DETA, BL_VALI, created_at, CD_UTILCREA, updated_at, CD_UTILMODI, ID_CADREMPL, BL_CONS, CD_MOTI_N4DS) VALUES (160, 'G160', 'Directeur de police municipale', 1, 0, now(), 'ADMIN', now(), 'ADMIN', 44, 1, 'BPU1-BPW3-BPW4-BPX3-BPX4-EPU1-EPX3-EPX4-EPY3-EPY4-HPU1-HPX3-HPX4-HPY3-HPY4-MPU1-MPX3-MPX4-MPY3-MPY4-TPU1-TPX3-TPX4-TPY3-TPY4');
INSERT INTO ref_grade (ID_GRAD, CD_GRAD, LB_GRAD, BL_DETA, BL_VALI, created_at, CD_UTILCREA, updated_at, CD_UTILMODI, ID_CADREMPL, BL_CONS, CD_MOTI_N4DS) VALUES (161, 'G161', 'Directeur de police municipale stagiaire', 1, 0, now(), 'ADMIN', now(), 'ADMIN', 44, 1, 'SPU1');
INSERT INTO ref_grade (ID_GRAD, CD_GRAD, LB_GRAD, BL_DETA, BL_VALI, created_at, CD_UTILCREA, updated_at, CD_UTILMODI, ID_CADREMPL, BL_CONS, CD_MOTI_N4DS) VALUES (162, 'G162', 'Chef de service de police municipale principal de 1ère classe', 1, 0, now(), 'ADMIN', now(), 'ADMIN', 45, 1, 'BPC3-EPC3-HPC3-MPC3-TPC3');
INSERT INTO ref_grade (ID_GRAD, CD_GRAD, LB_GRAD, BL_DETA, BL_VALI, created_at, CD_UTILCREA, updated_at, CD_UTILMODI, ID_CADREMPL, BL_CONS, CD_MOTI_N4DS) VALUES (163, 'G163', 'Chef de service de police municipale principal de 2ème classe', 1, 0, now(), 'ADMIN', now(), 'ADMIN', 45, 1, 'BPC2-EPC2-HPC2-MPC2-TPC2');
INSERT INTO ref_grade (ID_GRAD, CD_GRAD, LB_GRAD, BL_DETA, BL_VALI, created_at, CD_UTILCREA, updated_at, CD_UTILMODI, ID_CADREMPL, BL_CONS, CD_MOTI_N4DS) VALUES (164, 'G164', 'Chef de service de police municipale ', 1, 0, now(), 'ADMIN', now(), 'ADMIN', 45, 1, 'BPC1-BPW2-BPX2-EPC1-EPX2-EPY2-HPC1-HPX2-HPY2-MPC1-MPX2-MPY2-TPC1-TPX2-TPY2');
INSERT INTO ref_grade (ID_GRAD, CD_GRAD, LB_GRAD, BL_DETA, BL_VALI, created_at, CD_UTILCREA, updated_at, CD_UTILMODI, ID_CADREMPL, BL_CONS, CD_MOTI_N4DS) VALUES (165, 'G165', 'Chef de service de police municipale stagiaire', 1, 0, now(), 'ADMIN', now(), 'ADMIN', 45, 1, 'SPC1');
INSERT INTO ref_grade (ID_GRAD, CD_GRAD, LB_GRAD, BL_DETA, BL_VALI, created_at, CD_UTILCREA, updated_at, CD_UTILMODI, ID_CADREMPL, BL_CONS, CD_MOTI_N4DS) VALUES (166, 'G166', 'Chef de police municipale', 1, 0, now(), 'ADMIN', now(), 'ADMIN', 46, 1, 'BPG4-EPG4-HPG4-MPG4-TPG4');
INSERT INTO ref_grade (ID_GRAD, CD_GRAD, LB_GRAD, BL_DETA, BL_VALI, created_at, CD_UTILCREA, updated_at, CD_UTILMODI, ID_CADREMPL, BL_CONS, CD_MOTI_N4DS) VALUES (167, 'G167', 'Brigadier-chef principal', 1, 0, now(), 'ADMIN', now(), 'ADMIN', 46, 1, 'BPG3-EPG3-HPG3-MPG3-TPG3');
INSERT INTO ref_grade (ID_GRAD, CD_GRAD, LB_GRAD, BL_DETA, BL_VALI, created_at, CD_UTILCREA, updated_at, CD_UTILMODI, ID_CADREMPL, BL_CONS, CD_MOTI_N4DS) VALUES (168, 'G168', 'Gardien-brigadier ', 1, 0, now(), 'ADMIN', now(), 'ADMIN', 46, 1, 'BPG1-BPG2-BPW1-BPX1-EPG1-EPG2-EPX1-EPY1-HPG1-HPG2-HPX1-HPY1-MPG1-MPG2-MPX1-MPY1-TPG1-TPG2-TPX1-TPY1');
INSERT INTO ref_grade (ID_GRAD, CD_GRAD, LB_GRAD, BL_DETA, BL_VALI, created_at, CD_UTILCREA, updated_at, CD_UTILMODI, ID_CADREMPL, BL_CONS, CD_MOTI_N4DS) VALUES (169, 'G169', 'Gardien-brigadier stagiaire', 1, 0, now(), 'ADMIN', now(), 'ADMIN', 46, 1, 'SPG1');
INSERT INTO ref_grade (ID_GRAD, CD_GRAD, LB_GRAD, BL_DETA, BL_VALI, created_at, CD_UTILCREA, updated_at, CD_UTILMODI, ID_CADREMPL, BL_CONS, CD_MOTI_N4DS) VALUES (170, 'G170', 'Garde-champêtre chef principal', 1, 0, now(), 'ADMIN', now(), 'ADMIN', 47, 1, 'BPH3-EPH3-HPH3-MPH3-TPH3');
INSERT INTO ref_grade (ID_GRAD, CD_GRAD, LB_GRAD, BL_DETA, BL_VALI, created_at, CD_UTILCREA, updated_at, CD_UTILMODI, ID_CADREMPL, BL_CONS, CD_MOTI_N4DS) VALUES (171, 'G171', 'Garde-champêtre chef', 1, 0, now(), 'ADMIN', now(), 'ADMIN', 47, 1, 'BPH1-BPH2-EPH1-EPH2-HPH1-HPH2-MPH1-MPH2-TPH1-TPH2');
INSERT INTO ref_grade (ID_GRAD, CD_GRAD, LB_GRAD, BL_DETA, BL_VALI, created_at, CD_UTILCREA, updated_at, CD_UTILMODI, ID_CADREMPL, BL_CONS, CD_MOTI_N4DS) VALUES (172, 'G172', 'Garde-champêtre chef stagiaire', 1, 0, now(), 'ADMIN', now(), 'ADMIN', 47, 1, 'SPH1');
INSERT INTO ref_grade (ID_GRAD, CD_GRAD, LB_GRAD, BL_DETA, BL_VALI, created_at, CD_UTILCREA, updated_at, CD_UTILMODI, ID_CADREMPL, BL_CONS, CD_MOTI_N4DS) VALUES (173, 'G173', 'Contrôleur général', 1, 0, now(), 'ADMIN', now(), 'ADMIN', 48, 1, '');
INSERT INTO ref_grade (ID_GRAD, CD_GRAD, LB_GRAD, BL_DETA, BL_VALI, created_at, CD_UTILCREA, updated_at, CD_UTILMODI, ID_CADREMPL, BL_CONS, CD_MOTI_N4DS) VALUES (174, 'G174', 'Colonel hors classe', 1, 0, now(), 'ADMIN', now(), 'ADMIN', 48, 1, '');
INSERT INTO ref_grade (ID_GRAD, CD_GRAD, LB_GRAD, BL_DETA, BL_VALI, created_at, CD_UTILCREA, updated_at, CD_UTILMODI, ID_CADREMPL, BL_CONS, CD_MOTI_N4DS) VALUES (175, 'G175', 'Colonel', 1, 0, now(), 'ADMIN', now(), 'ADMIN', 48, 1, 'BRC4-BRW4-BRX4-ERC4-ERX4-ERY4-HRC4-HRX4-HRY4-MRC4-MRX4-MRY4-TRC4-TRX4-TRY4');
INSERT INTO ref_grade (ID_GRAD, CD_GRAD, LB_GRAD, BL_DETA, BL_VALI, created_at, CD_UTILCREA, updated_at, CD_UTILMODI, ID_CADREMPL, BL_CONS, CD_MOTI_N4DS) VALUES (176, 'G176', 'Elève colonel', 1, 0, now(), 'ADMIN', now(), 'ADMIN', 48, 1, '');
INSERT INTO ref_grade (ID_GRAD, CD_GRAD, LB_GRAD, BL_DETA, BL_VALI, created_at, CD_UTILCREA, updated_at, CD_UTILMODI, ID_CADREMPL, BL_CONS, CD_MOTI_N4DS) VALUES (177, 'G177', 'Lieutenant-colonel', 1, 0, now(), 'ADMIN', now(), 'ADMIN', 49, 1, 'BRC3-ERC3-HRC3-MRC3-TRC3');
INSERT INTO ref_grade (ID_GRAD, CD_GRAD, LB_GRAD, BL_DETA, BL_VALI, created_at, CD_UTILCREA, updated_at, CD_UTILMODI, ID_CADREMPL, BL_CONS, CD_MOTI_N4DS) VALUES (178, 'G178', 'Commandant', 1, 0, now(), 'ADMIN', now(), 'ADMIN', 49, 1, 'BRC2-ERC2-HRC2-MRC2-TRC2');
INSERT INTO ref_grade (ID_GRAD, CD_GRAD, LB_GRAD, BL_DETA, BL_VALI, created_at, CD_UTILCREA, updated_at, CD_UTILMODI, ID_CADREMPL, BL_CONS, CD_MOTI_N4DS) VALUES (179, 'G179', 'Capitaine', 1, 0, now(), 'ADMIN', now(), 'ADMIN', 49, 1, 'BRC1-BRW3-BRX3-ERC1-ERX3-ERY3-HRC1-HRX3-HRY3-MRC1-MRX3-MRY3-TRC1-TRX3-TRY3');
INSERT INTO ref_grade (ID_GRAD, CD_GRAD, LB_GRAD, BL_DETA, BL_VALI, created_at, CD_UTILCREA, updated_at, CD_UTILMODI, ID_CADREMPL, BL_CONS, CD_MOTI_N4DS) VALUES (180, 'G180', 'Capitaine stagiaire', 1, 0, now(), 'ADMIN', now(), 'ADMIN', 49, 1, 'SRC1');
INSERT INTO ref_grade (ID_GRAD, CD_GRAD, LB_GRAD, BL_DETA, BL_VALI, created_at, CD_UTILCREA, updated_at, CD_UTILMODI, ID_CADREMPL, BL_CONS, CD_MOTI_N4DS) VALUES (181, 'G181', 'Médecin et pharmacien des sapeurs pompiers professionnels de classe exceptionnelle', 1, 0, now(), 'ADMIN', now(), 'ADMIN', 50, 1, 'BRD4-ERD4-HRD4-MRD4-TRD4');
INSERT INTO ref_grade (ID_GRAD, CD_GRAD, LB_GRAD, BL_DETA, BL_VALI, created_at, CD_UTILCREA, updated_at, CD_UTILMODI, ID_CADREMPL, BL_CONS, CD_MOTI_N4DS) VALUES (182, 'G182', 'Médecin et pharmacien des sapeurs pompiers professionnels hors classe', 1, 0, now(), 'ADMIN', now(), 'ADMIN', 50, 1, 'BRD3-ERD3-HRD3-MRD3-TRD3');
INSERT INTO ref_grade (ID_GRAD, CD_GRAD, LB_GRAD, BL_DETA, BL_VALI, created_at, CD_UTILCREA, updated_at, CD_UTILMODI, ID_CADREMPL, BL_CONS, CD_MOTI_N4DS) VALUES (183, 'G183', 'Médecin et pharmacien des sapeurs pompiers professionnels de classe normale', 1, 0, now(), 'ADMIN', now(), 'ADMIN', 50, 1, 'BRD1-BRD2-ERD1-ERD2-HRD1-HRD2-MRD1-MRD2-TRD1-TRD2');
INSERT INTO ref_grade (ID_GRAD, CD_GRAD, LB_GRAD, BL_DETA, BL_VALI, created_at, CD_UTILCREA, updated_at, CD_UTILMODI, ID_CADREMPL, BL_CONS, CD_MOTI_N4DS) VALUES (184, 'G184', 'Médecin et pharmacien des sapeurs pompiers professionnels stagiaire', 1, 0, now(), 'ADMIN', now(), 'ADMIN', 50, 1, 'SRD2-SRD1');
INSERT INTO ref_grade (ID_GRAD, CD_GRAD, LB_GRAD, BL_DETA, BL_VALI, created_at, CD_UTILCREA, updated_at, CD_UTILMODI, ID_CADREMPL, BL_CONS, CD_MOTI_N4DS) VALUES (185, 'G185', 'Lieutenant des sapeurs pompiers professionnels hors classe', 1, 0, now(), 'ADMIN', now(), 'ADMIN', 51, 1, 'BRL3-ERL3-HRL3-MRL3-TRL3');
INSERT INTO ref_grade (ID_GRAD, CD_GRAD, LB_GRAD, BL_DETA, BL_VALI, created_at, CD_UTILCREA, updated_at, CD_UTILMODI, ID_CADREMPL, BL_CONS, CD_MOTI_N4DS) VALUES (186, 'G186', 'Lieutenant des sapeurs pompiers professionnels de 1ère classe', 1, 0, now(), 'ADMIN', now(), 'ADMIN', 51, 1, 'BRL2-BRW2-BRX2-ERL2-ERX2-ERY2-HRL2-HRX2-HRY2-MRL2-MRX2-MRY2-TRL2-TRX2-TRY2');
INSERT INTO ref_grade (ID_GRAD, CD_GRAD, LB_GRAD, BL_DETA, BL_VALI, created_at, CD_UTILCREA, updated_at, CD_UTILMODI, ID_CADREMPL, BL_CONS, CD_MOTI_N4DS) VALUES (187, 'G187', 'Lieutenant des sapeurs pompiers professionnels de 1ère classe stagiaire', 1, 0, now(), 'ADMIN', now(), 'ADMIN', 51, 1, 'SRL2');
INSERT INTO ref_grade (ID_GRAD, CD_GRAD, LB_GRAD, BL_DETA, BL_VALI, created_at, CD_UTILCREA, updated_at, CD_UTILMODI, ID_CADREMPL, BL_CONS, CD_MOTI_N4DS) VALUES (188, 'G188', 'Lieutenant des sapeurs pompiers professionnels de 2ème classe', 1, 0, now(), 'ADMIN', now(), 'ADMIN', 51, 1, 'BRL1-ERL1-HRL1-MRL1-TRL1');
INSERT INTO ref_grade (ID_GRAD, CD_GRAD, LB_GRAD, BL_DETA, BL_VALI, created_at, CD_UTILCREA, updated_at, CD_UTILMODI, ID_CADREMPL, BL_CONS, CD_MOTI_N4DS) VALUES (189, 'G189', 'Lieutenant des sapeurs pompiers professionnels de 2ème classe stagiaire', 1, 0, now(), 'ADMIN', now(), 'ADMIN', 51, 1, 'SRL1');
INSERT INTO ref_grade (ID_GRAD, CD_GRAD, LB_GRAD, BL_DETA, BL_VALI, created_at, CD_UTILCREA, updated_at, CD_UTILMODI, ID_CADREMPL, BL_CONS, CD_MOTI_N4DS) VALUES (190, 'G190', 'Cadre supérieur de santé des sapeurs-pompiers professionnels', 1, 0, now(), 'ADMIN', now(), 'ADMIN', 52, 1, 'BRF3-ERF3-HRF3-MRF3-TRF3');
INSERT INTO ref_grade (ID_GRAD, CD_GRAD, LB_GRAD, BL_DETA, BL_VALI, created_at, CD_UTILCREA, updated_at, CD_UTILMODI, ID_CADREMPL, BL_CONS, CD_MOTI_N4DS) VALUES (191, 'G191', 'Cadre de santé des sapeurs-pompiers professionnels de 1ère classe', 1, 0, now(), 'ADMIN', now(), 'ADMIN', 52, 1, 'BRF2-ERF2-HRF2-MRF2-TRF2');
INSERT INTO ref_grade (ID_GRAD, CD_GRAD, LB_GRAD, BL_DETA, BL_VALI, created_at, CD_UTILCREA, updated_at, CD_UTILMODI, ID_CADREMPL, BL_CONS, CD_MOTI_N4DS) VALUES (192, 'G192', 'Cadre de santé des sapeurs-pompiers professionnels de 2ème classe', 1, 0, now(), 'ADMIN', now(), 'ADMIN', 52, 1, 'BRF1-ERF1-HRF1-MRF1-TRF1');
INSERT INTO ref_grade (ID_GRAD, CD_GRAD, LB_GRAD, BL_DETA, BL_VALI, created_at, CD_UTILCREA, updated_at, CD_UTILMODI, ID_CADREMPL, BL_CONS, CD_MOTI_N4DS) VALUES (193, 'G193', 'Cadre de santé des sapeurs-pompiers professionnels de 2ème classe stagiaire', 1, 0, now(), 'ADMIN', now(), 'ADMIN', 52, 1, 'SRF1');
INSERT INTO ref_grade (ID_GRAD, CD_GRAD, LB_GRAD, BL_DETA, BL_VALI, created_at, CD_UTILCREA, updated_at, CD_UTILMODI, ID_CADREMPL, BL_CONS, CD_MOTI_N4DS) VALUES (194, 'G194', 'Infirmier des sapeurs-pompiers professionnels hors classe', 1, 0, now(), 'ADMIN', now(), 'ADMIN', 53, 1, 'BRG3-ERG3-HRG3-MRG3-TRG3-BRN3-ERN3-HRN3-MRN3-TRN3');
INSERT INTO ref_grade (ID_GRAD, CD_GRAD, LB_GRAD, BL_DETA, BL_VALI, created_at, CD_UTILCREA, updated_at, CD_UTILMODI, ID_CADREMPL, BL_CONS, CD_MOTI_N4DS) VALUES (195, 'G195', 'Infirmier des sapeurs-pompiers professionnels de classe supérieure', 1, 0, now(), 'ADMIN', now(), 'ADMIN', 53, 1, 'BRG2-ERG2-HRG2-MRG2-TRG2-BRN2-ERN2-HRN2-MRN2-SRS1-TRN2');
INSERT INTO ref_grade (ID_GRAD, CD_GRAD, LB_GRAD, BL_DETA, BL_VALI, created_at, CD_UTILCREA, updated_at, CD_UTILMODI, ID_CADREMPL, BL_CONS, CD_MOTI_N4DS) VALUES (196, 'G196', 'Infirmier des sapeurs-pompiers professionnels de classe normale', 1, 0, now(), 'ADMIN', now(), 'ADMIN', 53, 1, 'BRG1-ERG1-HRG1-MRG1-TRG1-BRA1-BRN1-ERA1-ERN1-HRA1-HRN1-MRA1-MRN1-TRA1-TRN1');
INSERT INTO ref_grade (ID_GRAD, CD_GRAD, LB_GRAD, BL_DETA, BL_VALI, created_at, CD_UTILCREA, updated_at, CD_UTILMODI, ID_CADREMPL, BL_CONS, CD_MOTI_N4DS) VALUES (197, 'G197', 'Infirmier des sapeurs-pompiers professionnels de classe normale stagiaire', 1, 0, now(), 'ADMIN', now(), 'ADMIN', 53, 1, 'SRG1-SRA1-SRN1');
INSERT INTO ref_grade (ID_GRAD, CD_GRAD, LB_GRAD, BL_DETA, BL_VALI, created_at, CD_UTILCREA, updated_at, CD_UTILMODI, ID_CADREMPL, BL_CONS, CD_MOTI_N4DS) VALUES (198, 'G198', 'Adjudant', 1, 0, now(), 'ADMIN', now(), 'ADMIN', 54, 1, 'BRS2-ERS2-HRS2-MRS2-TRS2');
INSERT INTO ref_grade (ID_GRAD, CD_GRAD, LB_GRAD, BL_DETA, BL_VALI, created_at, CD_UTILCREA, updated_at, CD_UTILMODI, ID_CADREMPL, BL_CONS, CD_MOTI_N4DS) VALUES (199, 'G199', 'Sergent', 1, 0, now(), 'ADMIN', now(), 'ADMIN', 54, 1, 'BRS1-ERS1-HRS1-MRS1-TRS1');
INSERT INTO ref_grade (ID_GRAD, CD_GRAD, LB_GRAD, BL_DETA, BL_VALI, created_at, CD_UTILCREA, updated_at, CD_UTILMODI, ID_CADREMPL, BL_CONS, CD_MOTI_N4DS) VALUES (200, 'G200', 'Sergent stagiaire', 1, 0, now(), 'ADMIN', now(), 'ADMIN', 54, 1, '');
INSERT INTO ref_grade (ID_GRAD, CD_GRAD, LB_GRAD, BL_DETA, BL_VALI, created_at, CD_UTILCREA, updated_at, CD_UTILMODI, ID_CADREMPL, BL_CONS, CD_MOTI_N4DS) VALUES (201, 'G201', 'Caporal-chef', 1, 0, now(), 'ADMIN', now(), 'ADMIN', 55, 1, 'BRU4-ERU4-HRU4-MRU4-TRU4');
INSERT INTO ref_grade (ID_GRAD, CD_GRAD, LB_GRAD, BL_DETA, BL_VALI, created_at, CD_UTILCREA, updated_at, CD_UTILMODI, ID_CADREMPL, BL_CONS, CD_MOTI_N4DS) VALUES (202, 'G202', 'Caporal', 1, 0, now(), 'ADMIN', now(), 'ADMIN', 55, 1, 'BRU3-ERU3-HRU3-MRU3-TRU3');
INSERT INTO ref_grade (ID_GRAD, CD_GRAD, LB_GRAD, BL_DETA, BL_VALI, created_at, CD_UTILCREA, updated_at, CD_UTILMODI, ID_CADREMPL, BL_CONS, CD_MOTI_N4DS) VALUES (203, 'G203', 'Caporal stagiaire', 1, 0, now(), 'ADMIN', now(), 'ADMIN', 55, 1, '');
INSERT INTO ref_grade (ID_GRAD, CD_GRAD, LB_GRAD, BL_DETA, BL_VALI, created_at, CD_UTILCREA, updated_at, CD_UTILMODI, ID_CADREMPL, BL_CONS, CD_MOTI_N4DS) VALUES (204, 'G204', 'Sapeur', 1, 0, now(), 'ADMIN', now(), 'ADMIN', 55, 1, 'BRU1-BRU2-BRW1-BRX1-ERU1-ERU2-ERX1-ERY1-HRU1-HRU2-HRX1-HRY1-MRU1-MRU2-MRX1-MRY1-TRU1-TRU2-TRX1-TRY1');
INSERT INTO ref_grade (ID_GRAD, CD_GRAD, LB_GRAD, BL_DETA, BL_VALI, created_at, CD_UTILCREA, updated_at, CD_UTILMODI, ID_CADREMPL, BL_CONS, CD_MOTI_N4DS) VALUES (205, 'G205', 'Sapeur stagiaire', 1, 0, now(), 'ADMIN', now(), 'ADMIN', 55, 1, 'SRU1-SRU2');
INSERT INTO ref_grade (ID_GRAD, CD_GRAD, LB_GRAD, BL_DETA, BL_VALI, created_at, CD_UTILCREA, updated_at, CD_UTILMODI, ID_CADREMPL, BL_CONS, CD_MOTI_N4DS) VALUES (206, 'G206', 'Animateur principal de 1ère classe', 1, 0, now(), 'ADMIN', now(), 'ADMIN', 56, 1, 'BNN3-ENN3-HNN3-MNN1-TNN3');
INSERT INTO ref_grade (ID_GRAD, CD_GRAD, LB_GRAD, BL_DETA, BL_VALI, created_at, CD_UTILCREA, updated_at, CD_UTILMODI, ID_CADREMPL, BL_CONS, CD_MOTI_N4DS) VALUES (207, 'G207', 'Animateur principal de 2ème classe', 1, 0, now(), 'ADMIN', now(), 'ADMIN', 56, 1, 'BNN2-ENN2-HNN2-MNN2-TNN2');
INSERT INTO ref_grade (ID_GRAD, CD_GRAD, LB_GRAD, BL_DETA, BL_VALI, created_at, CD_UTILCREA, updated_at, CD_UTILMODI, ID_CADREMPL, BL_CONS, CD_MOTI_N4DS) VALUES (208, 'G208', 'Animateur principal de 2ème classe stagiaire', 1, 0, now(), 'ADMIN', now(), 'ADMIN', 56, 1, 'SNN2');
INSERT INTO ref_grade (ID_GRAD, CD_GRAD, LB_GRAD, BL_DETA, BL_VALI, created_at, CD_UTILCREA, updated_at, CD_UTILMODI, ID_CADREMPL, BL_CONS, CD_MOTI_N4DS) VALUES (209, 'G209', 'Animateur', 1, 0, now(), 'ADMIN', now(), 'ADMIN', 56, 1, 'BNN1-BNW2-BNW3-BNW4-BNX2-BNX3-BNX4-ENN1-ENX2-ENX3-ENX4-ENY2-ENY3-ENY4-HNN1-HNX2-HNX3-HNX4-HNY2-HNY3-HNY4-MNN3-MNX2-MNX3-MNX4-MNY2-MNY3-MNY4-TNN1-TNX2-TNX3-TNX4-TNY2-TNY3-TNY4');
INSERT INTO ref_grade (ID_GRAD, CD_GRAD, LB_GRAD, BL_DETA, BL_VALI, created_at, CD_UTILCREA, updated_at, CD_UTILMODI, ID_CADREMPL, BL_CONS, CD_MOTI_N4DS) VALUES (210, 'G210', 'Animateur stagiaire', 1, 0, now(), 'ADMIN', now(), 'ADMIN', 56, 1, 'SNN1');
INSERT INTO ref_grade (ID_GRAD, CD_GRAD, LB_GRAD, BL_DETA, BL_VALI, created_at, CD_UTILCREA, updated_at, CD_UTILMODI, ID_CADREMPL, BL_CONS, CD_MOTI_N4DS) VALUES (211, 'G211', 'Adjoint territorial d''animation principal de 1ère classe', 1, 0, now(), 'ADMIN', now(), 'ADMIN', 57, 1, 'BNJ4-ENJ4-HNJ4-MNJ4-TNJ4');
INSERT INTO ref_grade (ID_GRAD, CD_GRAD, LB_GRAD, BL_DETA, BL_VALI, created_at, CD_UTILCREA, updated_at, CD_UTILMODI, ID_CADREMPL, BL_CONS, CD_MOTI_N4DS) VALUES (212, 'G212', 'Adjoint territorial d''animation principal de 2ème classe', 1, 0, now(), 'ADMIN', now(), 'ADMIN', 57, 1, 'BNJ3-ENJ3-HNJ3-MNJ3-TNJ3');
INSERT INTO ref_grade (ID_GRAD, CD_GRAD, LB_GRAD, BL_DETA, BL_VALI, created_at, CD_UTILCREA, updated_at, CD_UTILMODI, ID_CADREMPL, BL_CONS, CD_MOTI_N4DS) VALUES (213, 'G213', 'Adjoint territorial d''animation principal de 2ème classe stagiaire', 1, 0, now(), 'ADMIN', now(), 'ADMIN', 57, 1, '');
INSERT INTO ref_grade (ID_GRAD, CD_GRAD, LB_GRAD, BL_DETA, BL_VALI, created_at, CD_UTILCREA, updated_at, CD_UTILMODI, ID_CADREMPL, BL_CONS, CD_MOTI_N4DS) VALUES (214, 'G214', 'Adjoint territorial d''animation', 1, 0, now(), 'ADMIN', now(), 'ADMIN', 57, 1, 'BNJ1-BNJ2-BNW1-BNX1-ENJ1-ENJ2-ENX1-ENY1-HNJ1-HNJ2-HNX1-HNY1-MNJ1-MNJ2-MNX1-MNY1-TNJ1-TNJ2-TNX1-TNY1');
INSERT INTO ref_grade (ID_GRAD, CD_GRAD, LB_GRAD, BL_DETA, BL_VALI, created_at, CD_UTILCREA, updated_at, CD_UTILMODI, ID_CADREMPL, BL_CONS, CD_MOTI_N4DS) VALUES (215, 'G215', 'Adjoint territorial d''animation stagiaire', 1, 0, now(), 'ADMIN', now(), 'ADMIN', 57, 1, 'SNJ1-SNJ2');
INSERT INTO ref_grade (ID_GRAD, CD_GRAD, LB_GRAD, BL_DETA, BL_VALI, created_at, CD_UTILCREA, updated_at, CD_UTILMODI, ID_CADREMPL, BL_CONS, CD_MOTI_N4DS) VALUES (216, 'G216', 'Agent territorial de Mayotte', 1, 0, now(), 'ADMIN', now(), 'ADMIN', 58, 1, 'THA1');
INSERT INTO ref_grade (ID_GRAD, CD_GRAD, LB_GRAD, BL_DETA, BL_VALI, created_at, CD_UTILCREA, updated_at, CD_UTILMODI, ID_CADREMPL, BL_CONS, CD_MOTI_N4DS) VALUES (217, 'G217', 'Ouvrier territorial de Mayotte', 1, 0, now(), 'ADMIN', now(), 'ADMIN', 58, 1, 'THO1');